befnr,TypeCode,StartYear,EndYear,CompanyEndYear,Censored,TypeLabel
1005,ab,1935,1931,1990,True,Employed
1005,se,1931,1929,1990,True,Self-employed
1005,se,1929,1926,1990,True,Self-employed
1005,se,1926,1920,1990,True,Self-employed
1005,se,1920,1915,1990,True,Self-employed
1005,se,1915,1910,1990,True,Self-employed
1005,se,1910,1905,1990,True,Self-employed
1012,le,1911,1908,1990,True,Vocational training
1012,ab,1908,1907,1990,True,Employed
1012,ne,1907,1905,1990,True,Not employed
1023,le,1911,1908,1990,True,Vocational training
1023,ab,1908,1907,1990,True,Employed
1023,wz,1907,1905,1990,True,Military/Civil service
1025,le,1930,1927,1990,True,Vocational training
1025,ab,1927,1925,1990,True,Employed
1025,se,1925,1922,1990,True,Self-employed
1025,se,1922,1904,1990,True,Self-employed
1033,ab,1943,1940,1990,True,Employed
1033,se,1940,1930,1990,True,Self-employed
1033,ab,1930,1923,1990,True,Employed
1033,se,1923,1904,1990,True,Self-employed
1037,le,1939,1936,1990,True,Vocational training
1037,ab,1936,1933,1990,True,Employed
1037,ab,1933,1930,1990,True,Employed
1037,ab,1930,1926,1990,True,Employed
1037,ab,1926,1920,1990,True,Employed
1037,ab,1920,1916,1990,True,Employed
1037,ab,1916,1912,1990,True,Employed
1037,ab,1912,1909,1990,True,Employed
1037,ab,1909,1905,1990,True,Employed
1042,le,1923,1921,1990,True,Vocational training
1042,ab,1921,1920,1990,True,Employed
1042,ab,1920,1917,1990,True,Employed
1042,wz,1917,1915,1990,True,Military/Civil service
1042,ab,1915,1912,1990,True,Employed
1042,ne,1912,1911,1990,True,Not employed
1042,ab,1911,1906,1990,True,Employed
1042,al,1906,1905,1990,True,Unemployed
1042,ne,1905,1904,1990,True,Not employed
1047,ab,1927,1919,1987,False,Employed
1047,ab,1919,1915,1987,False,Employed
1047,ab,1915,1912,1987,False,Employed
1047,ab,1912,1906,1987,False,Employed
1047,se,1906,1901,1987,False,Self-employed
1061,ab,1922,1907,1990,False,Employed
1061,se,1907,1905,1990,False,Self-employed
1062,ab,1917,1914,1990,True,Employed
1062,le,1914,1910,1990,True,Vocational training
1062,ab,1910,1908,1990,True,Employed
1062,se,1908,1905,1990,True,Self-employed
1063,ab,1924,1922,1990,True,Employed
1063,le,1922,1921,1990,True,Vocational training
1063,ab,1921,1917,1990,True,Employed
1063,le,1917,1916,1990,True,Vocational training
1063,ab,1916,1906,1990,True,Employed
1063,ab,1906,1905,1990,True,Employed
1063,se,1905,1904,1990,True,Self-employed
1065,le,1928,1925,1990,True,Vocational training
1065,ab,1925,1905,1990,True,Employed
1071,le,1910,1907,1988,False,Vocational training
1071,al,1907,1906,1988,False,Unemployed
1071,se,1906,1903,1988,False,Self-employed
1094,le,1920,1918,1990,True,Vocational training
1094,ab,1918,1915,1990,True,Employed
1094,ne,1915,1912,1990,True,Not employed
1094,ab,1912,1908,1990,True,Employed
1094,se,1908,1905,1990,True,Self-employed
1104,se,1929,1900,1985,False,Self-employed
1108,le,1924,1921,1990,True,Vocational training
1108,ab,1921,1919,1990,True,Employed
1108,wz,1919,1917,1990,True,Military/Civil service
1108,ab,1917,1909,1990,True,Employed
1108,le,1909,1908,1990,True,Vocational training
1108,ab,1908,1907,1990,True,Employed
1108,se,1907,1905,1990,True,Self-employed
1116,le,1930,1928,1990,True,Vocational training
1116,ab,1928,1922,1990,True,Employed
1116,le,1922,1920,1990,True,Vocational training
1116,ab,1920,1918,1990,True,Employed
1116,se,1918,1904,1990,True,Self-employed
1121,wz,1903,1902,1987,False,Military/Civil service
1121,ab,1902,1901,1987,False,Employed
1126,le,1931,1928,1987,False,Vocational training
1126,ab,1928,1926,1987,False,Employed
1126,ab,1926,1921,1987,False,Employed
1126,ab,1921,1919,1987,False,Employed
1126,se,1919,1903,1987,False,Self-employed
1126,ab,1903,1901,1987,False,Employed
1132,le,1940,1937,1987,False,Vocational training
1132,ab,1937,1905,1987,False,Employed
1132,ab,1905,1904,1987,False,Employed
1132,al,1904,1901,1987,False,Unemployed
1133,ab,1918,1908,1990,True,Employed
1133,se,1908,1905,1990,True,Self-employed
1135,le,1931,1928,1990,True,Vocational training
1135,ab,1928,1923,1990,True,Employed
1135,se,1923,1905,1990,True,Self-employed
1136,ab,1931,1914,1990,True,Employed
1136,se,1914,1905,1990,True,Self-employed
1139,ab,1925,1922,1990,True,Employed
1139,ab,1922,1916,1990,True,Employed
1139,ab,1916,1904,1990,True,Employed
1140,le,1922,1919,1990,True,Vocational training
1140,ab,1919,1910,1990,True,Employed
1140,se,1910,1908,1990,True,Self-employed
1140,se,1908,1905,1990,True,Self-employed
1141,wz,1950,1940,1990,True,Military/Civil service
1141,ab,1940,1937,1990,True,Employed
1141,ab,1937,1934,1990,True,Employed
1141,ab,1934,1930,1990,True,Employed
1141,ab,1930,1918,1990,True,Employed
1141,se,1918,1904,1990,True,Self-employed
1145,le,1935,1932,1990,True,Vocational training
1145,le,1932,1931,1990,True,Vocational training
1145,le,1931,1927,1990,True,Vocational training
1145,ab,1927,1917,1990,True,Employed
1145,se,1917,1904,1990,True,Self-employed
1146,le,1913,1911,1990,True,Vocational training
1146,se,1911,1904,1990,True,Self-employed
1148,le,1958,1955,1990,True,Vocational training
1148,ne,1955,1952,1990,True,Not employed
1148,se,1952,1951,1990,True,Self-employed
1148,wz,1951,1943,1990,True,Military/Civil service
1148,ab,1943,1936,1990,True,Employed
1148,se,1936,1904,1990,True,Self-employed
1150,ab,1912,1907,1990,True,Employed
1150,se,1907,1904,1990,True,Self-employed
1158,le,1939,1935,1990,True,Vocational training
1158,ab,1935,1929,1990,True,Employed
1158,se,1929,1915,1990,True,Self-employed
1158,se,1915,1905,1990,True,Self-employed
1159,ab,1921,1920,1990,True,Employed
1159,ne,1920,1913,1990,True,Not employed
1159,ab,1913,1905,1990,True,Employed
1168,ne,1930,1927,1990,True,Not employed
1168,ne,1927,1925,1990,True,Not employed
1168,wz,1925,1923,1990,True,Military/Civil service
1168,ne,1923,1921,1990,True,Not employed
1168,ne,1921,1920,1990,True,Not employed
1168,ab,1920,1911,1990,True,Employed
1168,se,1911,1905,1990,True,Self-employed
1169,le,1930,1927,1990,True,Vocational training
1169,ab,1927,1915,1990,True,Employed
1169,se,1915,1905,1990,True,Self-employed
1171,le,1914,1912,1990,True,Vocational training
1171,le,1912,1911,1990,True,Vocational training
1171,ab,1911,1910,1990,True,Employed
1171,ab,1910,1909,1990,True,Employed
1171,ab,1909,1908,1990,True,Employed
1171,ab,1908,1907,1990,True,Employed
1171,ab,1907,1905,1990,True,Employed
1176,le,1920,1917,1990,True,Vocational training
1176,ne,1917,1915,1990,True,Not employed
1176,le,1915,1913,1990,True,Vocational training
1176,ab,1913,1904,1990,True,Employed
1177,le,1919,1917,1990,True,Vocational training
1177,ne,1917,1913,1990,True,Not employed
1177,ab,1913,1912,1990,True,Employed
1177,ab,1912,1911,1990,True,Employed
1177,ab,1911,1908,1990,True,Employed
1177,ab,1908,1907,1990,True,Employed
1177,ab,1907,1904,1990,True,Employed
1180,le,1950,1947,1990,True,Vocational training
1180,wz,1947,1945,1990,True,Military/Civil service
1180,ab,1945,1929,1990,True,Employed
1180,se,1929,1904,1990,True,Self-employed
1181,ab,1907,1904,1990,True,Employed
1184,ab,1913,1905,1990,True,Employed
1185,wz,1913,1911,1990,True,Military/Civil service
1185,le,1911,1909,1990,True,Vocational training
1185,ab,1909,1907,1990,True,Employed
1187,le,1920,1917,1990,True,Vocational training
1187,wz,1917,1909,1990,True,Military/Civil service
1187,ab,1909,1905,1990,True,Employed
1188,le,1950,1947,1990,True,Vocational training
1188,ab,1947,1940,1990,True,Employed
1188,ab,1940,1939,1990,True,Employed
1188,ne,1939,1905,1990,True,Not employed
1189,ne,1928,1920,1990,True,Not employed
1189,ne,1920,1905,1990,True,Not employed
1190,ab,1918,1912,1990,True,Employed
1190,al,1912,1911,1990,True,Unemployed
1190,ab,1911,1904,1990,True,Employed
1202,le,1928,1925,1990,True,Vocational training
1202,ab,1925,1922,1990,True,Employed
1202,ab,1922,1916,1990,True,Employed
1202,se,1916,1904,1990,True,Self-employed
1203,le,1933,1930,1990,True,Vocational training
1203,le,1930,1927,1990,True,Vocational training
1203,ab,1927,1925,1990,True,Employed
1203,ab,1925,1904,1990,True,Employed
1205,ab,1906,1904,1990,True,Employed
1206,le,1927,1925,1990,True,Vocational training
1206,wz,1925,1923,1990,True,Military/Civil service
1206,ab,1923,1917,1990,True,Employed
1206,se,1917,1915,1990,True,Self-employed
1206,se,1915,1904,1990,True,Self-employed
1207,ab,1907,1900,1985,False,Employed
1209,le,1910,1907,1986,False,Vocational training
1209,ab,1907,1903,1986,False,Employed
1209,le,1903,1902,1986,False,Vocational training
1209,ab,1902,1901,1986,False,Employed
1211,ab,1909,1905,1987,False,Employed
1211,ab,1905,1903,1987,False,Employed
1215,le,1937,1934,1990,True,Vocational training
1215,ab,1934,1914,1990,True,Employed
1215,se,1914,1905,1990,True,Self-employed
1218,ab,1933,1925,1989,False,Employed
1218,ne,1925,1923,1989,False,Not employed
1218,se,1923,1921,1989,False,Self-employed
1218,ab,1921,1913,1989,False,Employed
1218,se,1913,1908,1989,False,Self-employed
1218,ab,1908,1903,1989,False,Employed
1220,ne,1905,1904,1990,True,Not employed
1221,le,1909,1905,1989,False,Vocational training
1222,wz,1911,1909,1989,False,Military/Civil service
1222,le,1909,1906,1989,False,Vocational training
1222,ab,1906,1905,1989,False,Employed
1222,se,1905,1903,1989,False,Self-employed
1223,ab,1902,1901,1987,False,Employed
1225,le,1915,1912,1988,False,Vocational training
1225,ab,1912,1903,1988,False,Employed
1225,ne,1903,1902,1988,False,Not employed
1228,le,1928,1924,1990,True,Vocational training
1228,ab,1924,1907,1990,True,Employed
1228,se,1907,1905,1990,True,Self-employed
1234,le,1916,1913,1990,True,Vocational training
1234,wz,1913,1912,1990,True,Military/Civil service
1234,ab,1912,1908,1990,True,Employed
1234,al,1908,1907,1990,True,Unemployed
1234,ne,1907,1906,1990,True,Not employed
1234,al,1906,1905,1990,True,Unemployed
1234,ab,1905,1904,1990,True,Employed
1238,le,1920,1917,1990,True,Vocational training
1238,ab,1917,1914,1990,True,Employed
1238,se,1914,1905,1990,True,Self-employed
1242,ab,1917,1904,1990,True,Employed
1245,ab,1908,1907,1990,True,Employed
1246,le,1910,1909,1990,True,Vocational training
1246,se,1909,1904,1990,True,Self-employed
1247,le,1923,1920,1990,True,Vocational training
1247,le,1920,1918,1990,True,Vocational training
1247,wz,1918,1917,1990,True,Military/Civil service
1247,ne,1917,1915,1990,True,Not employed
1247,ab,1915,1913,1990,True,Employed
1247,ne,1913,1905,1990,True,Not employed
1247,se,1905,1904,1990,True,Self-employed
1248,le,1937,1933,1990,True,Vocational training
1248,ab,1933,1927,1990,True,Employed
1248,ab,1927,1922,1990,True,Employed
1248,ab,1922,1915,1990,True,Employed
1248,ab,1915,1906,1990,True,Employed
1248,se,1906,1905,1990,True,Self-employed
1249,ne,1914,1913,1987,False,Not employed
1249,se,1913,1912,1987,False,Self-employed
1249,se,1912,1902,1987,False,Self-employed
1252,le,1915,1912,1986,False,Vocational training
1252,ab,1912,1911,1986,False,Employed
1252,wz,1911,1910,1986,False,Military/Civil service
1252,ab,1910,1901,1986,False,Employed
1255,le,1935,1932,1989,False,Vocational training
1255,ab,1932,1930,1989,False,Employed
1255,wz,1930,1929,1989,False,Military/Civil service
1255,ab,1929,1903,1989,False,Employed
1259,ab,1946,1942,1988,False,Employed
1259,se,1942,1916,1988,False,Self-employed
1259,se,1916,1913,1988,False,Self-employed
1259,ab,1913,1909,1988,False,Employed
1259,ab,1909,1902,1988,False,Employed
1260,le,1919,1916,1987,False,Vocational training
1260,ab,1916,1913,1987,False,Employed
1260,ab,1913,1909,1987,False,Employed
1260,se,1909,1902,1987,False,Self-employed
1262,le,1911,1906,1988,False,Vocational training
1262,wz,1906,1905,1988,False,Military/Civil service
1262,ab,1905,1904,1988,False,Employed
1262,ab,1904,1902,1988,False,Employed
1267,le,1936,1933,1990,True,Vocational training
1267,ne,1933,1932,1990,True,Not employed
1267,ab,1932,1923,1990,True,Employed
1267,se,1923,1904,1990,True,Self-employed
1275,le,1932,1929,1990,True,Vocational training
1275,wz,1929,1927,1990,True,Military/Civil service
1275,ab,1927,1923,1990,True,Employed
1275,ab,1923,1904,1990,True,Employed
1276,le,1913,1909,1987,False,Vocational training
1276,ab,1909,1902,1987,False,Employed
1276,se,1902,1901,1987,False,Self-employed
1281,le,1917,1914,1989,False,Vocational training
1281,ab,1914,1913,1989,False,Employed
1281,wz,1913,1912,1989,False,Military/Civil service
1281,ab,1912,1908,1989,False,Employed
1281,se,1908,1903,1989,False,Self-employed
1282,ab,1918,1907,1990,True,Employed
1282,se,1907,1906,1990,True,Self-employed
1282,se,1906,1905,1990,True,Self-employed
1283,le,1926,1923,1987,False,Vocational training
1283,le,1923,1922,1987,False,Vocational training
1283,ab,1922,1908,1987,False,Employed
1283,se,1908,1902,1987,False,Self-employed
1284,ab,1923,1918,1990,True,Employed
1284,se,1918,1914,1990,True,Self-employed
1284,ab,1914,1905,1990,True,Employed
1285,ab,1926,1913,1990,True,Employed
1285,se,1913,1905,1990,True,Self-employed
1291,le,1924,1921,1990,True,Vocational training
1291,ab,1921,1905,1990,True,Employed
1293,ne,1923,1922,1990,True,Not employed
1293,ne,1922,1920,1990,True,Not employed
1293,ab,1920,1917,1990,True,Employed
1293,ab,1917,1915,1990,True,Employed
1293,ne,1915,1908,1990,True,Not employed
1293,se,1908,1905,1990,True,Self-employed
1294,ne,1909,1907,1989,False,Not employed
1294,ab,1907,1906,1989,False,Employed
1294,se,1906,1904,1989,False,Self-employed
1296,le,1929,1927,1990,True,Vocational training
1296,ab,1927,1924,1990,True,Employed
1296,le,1924,1921,1990,True,Vocational training
1296,ab,1921,1911,1990,True,Employed
1296,ab,1911,1905,1990,True,Employed
1300,ab,1933,1930,1990,True,Employed
1300,se,1930,1914,1990,True,Self-employed
1300,se,1914,1905,1990,True,Self-employed
1303,ab,1910,1909,1990,True,Employed
1303,ab,1909,1906,1990,True,Employed
1303,se,1906,1905,1990,True,Self-employed
1306,ab,1916,1905,1990,True,Employed
1309,ne,1908,1907,1990,True,Not employed
1309,wz,1907,1906,1990,True,Military/Civil service
1309,ne,1906,1905,1990,True,Not employed
1318,ab,1908,1905,1990,True,Employed
1319,ab,1912,1910,1990,True,Employed
1319,se,1910,1905,1990,True,Self-employed
1320,ab,1912,1905,1990,True,Employed
1321,le,1918,1915,1987,False,Vocational training
1321,ab,1915,1912,1987,False,Employed
1321,ab,1912,1905,1987,False,Employed
1321,se,1905,1902,1987,False,Self-employed
1323,ne,1926,1925,1990,True,Not employed
1323,ne,1925,1923,1990,True,Not employed
1323,se,1923,1907,1990,True,Self-employed
1323,se,1907,1905,1990,True,Self-employed
1327,le,1935,1932,1990,True,Vocational training
1327,ab,1932,1931,1990,True,Employed
1327,wz,1931,1930,1990,True,Military/Civil service
1327,ab,1930,1926,1990,True,Employed
1327,se,1926,1925,1990,True,Self-employed
1327,ab,1925,1917,1990,True,Employed
1327,se,1917,1905,1990,True,Self-employed
1333,le,1932,1929,1990,True,Vocational training
1333,ab,1929,1925,1990,True,Employed
1333,ne,1925,1918,1990,True,Not employed
1333,ab,1918,1905,1990,True,Employed
1335,wz,1910,1909,1990,True,Military/Civil service
1335,ab,1909,1906,1990,True,Employed
1343,ab,1925,1907,1990,True,Employed
1343,se,1907,1905,1990,True,Self-employed
1344,ab,1913,1905,1990,True,Employed
1345,wz,1913,1911,1990,True,Military/Civil service
1345,ab,1911,1905,1990,True,Employed
1348,le,1920,1917,1990,True,Vocational training
1348,se,1917,1913,1990,True,Self-employed
1348,se,1913,1911,1990,True,Self-employed
1348,se,1911,1910,1990,True,Self-employed
1348,se,1910,1907,1990,True,Self-employed
1348,se,1907,1906,1990,True,Self-employed
1350,se,1935,1925,1990,True,Self-employed
1350,ab,1925,1915,1990,True,Employed
1350,ab,1915,1905,1990,True,Employed
1352,le,1929,1927,1990,True,Vocational training
1352,ab,1927,1924,1990,True,Employed
1352,ab,1924,1920,1990,True,Employed
1352,ab,1920,1912,1990,True,Employed
1352,ne,1912,1910,1990,True,Not employed
1352,se,1910,1904,1990,True,Self-employed
1356,le,1928,1925,1990,True,Vocational training
1356,ab,1925,1922,1990,True,Employed
1356,se,1922,1905,1990,True,Self-employed
1357,ab,1921,1912,1990,True,Employed
1357,ne,1912,1907,1990,True,Not employed
1357,ab,1907,1904,1990,True,Employed
1358,ne,1920,1911,1990,True,Not employed
1358,ab,1911,1904,1990,True,Employed
1359,ab,1924,1920,1990,True,Employed
1359,se,1920,1913,1990,True,Self-employed
1359,se,1913,1904,1990,True,Self-employed
1362,le,1931,1929,1990,True,Vocational training
1362,le,1929,1923,1990,True,Vocational training
1362,ab,1923,1918,1990,True,Employed
1362,se,1918,1905,1990,True,Self-employed
1363,le,1932,1930,1990,True,Vocational training
1363,ab,1930,1923,1990,True,Employed
1363,se,1923,1921,1990,True,Self-employed
1363,ab,1921,1920,1990,True,Employed
1363,se,1920,1904,1990,True,Self-employed
1365,le,1919,1916,1990,True,Vocational training
1365,ab,1916,1913,1990,True,Employed
1365,ab,1913,1907,1990,True,Employed
1365,ab,1907,1904,1990,True,Employed
1366,ab,1911,1910,1990,True,Employed
1366,le,1910,1908,1990,True,Vocational training
1366,ab,1908,1906,1990,True,Employed
1366,se,1906,1905,1990,True,Self-employed
1369,le,1933,1930,1990,True,Vocational training
1369,ab,1930,1929,1990,True,Employed
1369,le,1929,1928,1990,True,Vocational training
1369,ab,1928,1924,1990,True,Employed
1369,ne,1924,1916,1990,True,Not employed
1369,ne,1916,1908,1990,True,Not employed
1369,ab,1908,1904,1990,True,Employed
1370,se,1906,1904,1990,True,Self-employed
1372,le,1915,1913,1990,True,Vocational training
1372,ne,1913,1911,1990,True,Not employed
1372,ab,1911,1909,1990,True,Employed
1372,ab,1909,1906,1990,True,Employed
1372,ab,1906,1905,1990,True,Employed
1376,ab,1920,1919,1990,True,Employed
1376,ab,1919,1915,1990,True,Employed
1376,ne,1915,1914,1990,True,Not employed
1376,ab,1914,1904,1990,True,Employed
1381,se,1914,1904,1990,True,Self-employed
1382,ab,1914,1909,1990,True,Employed
1382,wz,1909,1908,1990,True,Military/Civil service
1382,ab,1908,1907,1990,True,Employed
1382,ab,1907,1904,1990,True,Employed
1385,ab,1925,1916,1990,True,Employed
1385,ne,1916,1908,1990,True,Not employed
1385,ab,1908,1904,1990,True,Employed
1386,le,1919,1916,1990,True,Vocational training
1386,ab,1916,1904,1990,True,Employed
1400,ne,1916,1904,1990,True,Not employed
1401,se,1907,1904,1990,True,Self-employed
1402,ab,1922,1921,1990,True,Employed
1402,se,1921,1904,1990,True,Self-employed
1406,le,1915,1912,1990,True,Vocational training
1406,ab,1912,1904,1990,True,Employed
1411,ab,1931,1926,1990,True,Employed
1411,ab,1926,1916,1990,True,Employed
1411,ab,1916,1907,1990,True,Employed
1412,ab,1936,1908,1990,True,Employed
1412,se,1908,1904,1990,True,Self-employed
1413,le,1938,1935,1990,True,Vocational training
1413,ab,1935,1932,1990,True,Employed
1413,ne,1932,1931,1990,True,Not employed
1413,ab,1931,1918,1990,True,Employed
1413,ne,1918,1916,1990,True,Not employed
1413,ab,1916,1908,1990,True,Employed
1413,al,1908,1906,1990,True,Unemployed
1413,ab,1906,1905,1990,True,Employed
1413,al,1905,1904,1990,True,Unemployed
1420,ab,1924,1914,1989,False,Employed
1420,se,1914,1903,1989,False,Self-employed
1425,ne,1941,1936,1990,True,Not employed
1425,ne,1936,1931,1990,True,Not employed
1425,ab,1931,1904,1990,True,Employed
1427,ab,1921,1919,1990,True,Employed
1427,le,1919,1918,1990,True,Vocational training
1427,ab,1918,1917,1990,True,Employed
1427,se,1917,1904,1990,True,Self-employed
1428,ab,1916,1904,1990,True,Employed
1429,le,1926,1923,1990,True,Vocational training
1429,ab,1923,1920,1990,True,Employed
1429,wz,1920,1916,1990,True,Military/Civil service
1429,ab,1916,1906,1990,True,Employed
1429,se,1906,1904,1990,True,Self-employed
1432,le,1924,1923,1990,True,Vocational training
1432,ne,1923,1919,1990,True,Not employed
1432,ab,1919,1916,1990,True,Employed
1432,ab,1916,1912,1990,True,Employed
1432,ab,1912,1911,1990,True,Employed
1432,ab,1911,1909,1990,True,Employed
1432,ab,1909,1904,1990,True,Employed
1434,le,1917,1915,1986,False,Vocational training
1434,ab,1915,1901,1986,False,Employed
1436,ab,1915,1913,1987,False,Employed
1436,se,1913,1902,1987,False,Self-employed
1437,ab,1918,1907,1987,False,Employed
1437,se,1907,1902,1987,False,Self-employed
1442,le,1929,1926,1990,True,Vocational training
1442,se,1926,1905,1990,True,Self-employed
1444,le,1915,1912,1986,False,Vocational training
1444,ab,1912,1908,1986,False,Employed
1444,se,1908,1901,1986,False,Self-employed
1445,le,1932,1930,1986,False,Vocational training
1445,ab,1930,1929,1986,False,Employed
1445,ne,1929,1926,1986,False,Not employed
1445,ab,1926,1901,1986,False,Employed
1446,ab,1937,1905,1990,True,Employed
1449,wz,1919,1917,1988,False,Military/Civil service
1449,ne,1917,1914,1988,False,Not employed
1449,ab,1914,1903,1988,False,Employed
1449,se,1903,1902,1988,False,Self-employed
1450,se,1957,1950,1989,False,Self-employed
1450,wz,1950,1944,1989,False,Military/Civil service
1450,se,1944,1903,1989,False,Self-employed
1455,le,1919,1916,1987,False,Vocational training
1455,ab,1916,1910,1987,False,Employed
1455,wz,1910,1908,1987,False,Military/Civil service
1455,ab,1908,1906,1987,False,Employed
1455,se,1906,1901,1987,False,Self-employed
1459,se,1906,1904,1988,False,Self-employed
1459,ab,1904,1903,1988,False,Employed
1463,wz,1906,1903,1985,False,Military/Civil service
1463,ne,1903,1900,1985,False,Not employed
1465,le,1927,1925,1990,True,Vocational training
1465,ab,1925,1922,1990,True,Employed
1465,se,1922,1915,1990,True,Self-employed
1465,ab,1915,1905,1990,True,Employed
1467,ab,1910,1905,1990,True,Employed
1474,ne,1934,1928,1986,False,Not employed
1474,ab,1928,1901,1986,False,Employed
1477,ne,1910,1909,1985,False,Not employed
1477,ab,1909,1900,1985,False,Employed
1482,ne,1906,1901,1986,False,Not employed
1486,le,1937,1934,1990,True,Vocational training
1486,se,1934,1927,1990,True,Self-employed
1486,se,1927,1905,1990,True,Self-employed
1487,le,1916,1915,1990,True,Vocational training
1487,wz,1915,1914,1990,True,Military/Civil service
1487,ab,1914,1905,1990,True,Employed
1488,ab,1906,1905,1986,False,Employed
1488,ab,1905,1901,1986,False,Employed
1491,ab,1929,1927,1985,False,Employed
1491,ne,1927,1923,1985,False,Not employed
1491,ab,1923,1921,1985,False,Employed
1491,ab,1921,1904,1985,False,Employed
1491,al,1904,1900,1985,False,Unemployed
1496,le,1905,1902,1985,False,Vocational training
1496,le,1902,1900,1985,False,Vocational training
1497,ab,1910,1906,1990,True,Employed
1497,ab,1906,1905,1990,True,Employed
1498,ne,1910,1909,1988,False,Not employed
1498,ab,1909,1908,1988,False,Employed
1498,ne,1908,1905,1988,False,Not employed
1498,ab,1905,1903,1988,False,Employed
1501,le,1931,1929,1985,False,Vocational training
1501,ab,1929,1927,1985,False,Employed
1501,ab,1927,1925,1985,False,Employed
1501,ab,1925,1921,1985,False,Employed
1501,ab,1921,1915,1985,False,Employed
1501,se,1915,1912,1985,False,Self-employed
1501,se,1912,1900,1985,False,Self-employed
1505,wz,1908,1906,1989,False,Military/Civil service
1505,ne,1906,1904,1989,False,Not employed
1506,le,1937,1934,1986,False,Vocational training
1506,ab,1934,1931,1986,False,Employed
1506,ab,1931,1901,1986,False,Employed
1507,ab,1918,1904,1989,False,Employed
1508,ab,1940,1926,1986,False,Employed
1508,se,1926,1901,1986,False,Self-employed
1512,ab,1937,1934,1990,True,Employed
1512,ab,1934,1923,1990,True,Employed
1512,ne,1923,1920,1990,True,Not employed
1512,ab,1920,1910,1990,True,Employed
1512,ab,1910,1905,1990,True,Employed
1514,ab,1903,1901,1986,False,Employed
1517,le,1931,1928,1986,False,Vocational training
1517,ab,1928,1926,1986,False,Employed
1517,ab,1926,1921,1986,False,Employed
1517,ab,1921,1918,1986,False,Employed
1517,ab,1918,1916,1986,False,Employed
1517,ab,1916,1911,1986,False,Employed
1517,ab,1911,1909,1986,False,Employed
1517,ab,1909,1906,1986,False,Employed
1517,se,1906,1903,1986,False,Self-employed
1517,al,1903,1902,1986,False,Unemployed
1518,ne,1901,1900,1985,False,Not employed
1523,le,1906,1903,1987,False,Vocational training
1523,ab,1903,1902,1987,False,Employed
1525,le,1929,1926,1987,False,Vocational training
1525,ab,1926,1912,1987,False,Employed
1525,ne,1912,1902,1987,False,Not employed
1527,le,1912,1910,1986,False,Vocational training
1527,ab,1910,1904,1986,False,Employed
1527,ne,1904,1901,1986,False,Not employed
1529,le,1909,1906,1987,False,Vocational training
1529,ne,1906,1904,1987,False,Not employed
1529,ab,1904,1902,1987,False,Employed
1530,ne,1936,1935,1988,False,Not employed
1530,ne,1935,1934,1988,False,Not employed
1530,ab,1934,1924,1988,False,Employed
1530,se,1924,1920,1988,False,Self-employed
1530,ab,1920,1903,1988,False,Employed
1539,wz,1910,1909,1986,False,Military/Civil service
1539,ne,1909,1903,1986,False,Not employed
1539,ab,1903,1901,1986,False,Employed
1543,ab,1926,1916,1990,True,Employed
1543,se,1916,1909,1990,True,Self-employed
1546,le,1929,1926,1986,False,Vocational training
1546,ne,1926,1924,1986,False,Not employed
1546,ab,1924,1901,1986,False,Employed
1548,le,1914,1911,1990,True,Vocational training
1548,wz,1911,1908,1990,True,Military/Civil service
1548,ab,1908,1905,1990,True,Employed
1549,ab,1935,1925,1990,True,Employed
1549,ne,1925,1904,1990,True,Not employed
1554,le,1929,1926,1990,True,Vocational training
1554,ab,1926,1920,1990,True,Employed
1554,le,1920,1919,1990,True,Vocational training
1554,ab,1919,1903,1990,True,Employed
1557,ab,1905,1903,1989,False,Employed
1558,le,1923,1920,1986,False,Vocational training
1558,ab,1920,1907,1986,False,Employed
1558,ab,1907,1906,1986,False,Employed
1558,ab,1906,1905,1986,False,Employed
1558,ab,1905,1904,1986,False,Employed
1558,al,1904,1903,1986,False,Unemployed
1558,ab,1903,1900,1986,False,Employed
1571,le,1937,1934,1990,True,Vocational training
1571,ab,1934,1932,1990,True,Employed
1571,se,1932,1904,1990,True,Self-employed
1573,le,1919,1916,1986,False,Vocational training
1573,ab,1916,1908,1986,False,Employed
1573,al,1908,1907,1986,False,Unemployed
1573,ab,1907,1900,1986,False,Employed
1574,le,1924,1921,1990,True,Vocational training
1574,ab,1921,1920,1990,True,Employed
1574,wz,1920,1918,1990,True,Military/Civil service
1574,ab,1918,1909,1990,True,Employed
1574,se,1909,1904,1990,True,Self-employed
1576,se,1928,1924,1990,True,Self-employed
1576,ab,1924,1914,1990,True,Employed
1576,ab,1914,1913,1990,True,Employed
1576,se,1913,1906,1990,True,Self-employed
1576,ab,1906,1904,1990,True,Employed
1583,ab,1901,1900,1986,False,Employed
1585,ne,1920,1917,1986,False,Not employed
1585,ab,1917,1912,1986,False,Employed
1585,al,1912,1911,1986,False,Unemployed
1585,ab,1911,1902,1986,False,Employed
1585,al,1902,1900,1986,False,Unemployed
1586,le,1925,1922,1987,False,Vocational training
1586,le,1922,1920,1987,False,Vocational training
1586,ab,1920,1919,1987,False,Employed
1586,ne,1919,1901,1987,False,Not employed
1597,le,1950,1947,1990,True,Vocational training
1597,wz,1947,1942,1990,True,Military/Civil service
1597,ab,1942,1929,1990,True,Employed
1597,se,1929,1925,1990,True,Self-employed
1597,ab,1925,1916,1990,True,Employed
1608,le,1930,1927,1989,False,Vocational training
1608,ne,1927,1921,1989,False,Not employed
1608,le,1921,1918,1989,False,Vocational training
1608,ab,1918,1912,1989,False,Employed
1616,ab,1905,1900,1986,False,Employed
1626,le,1930,1927,1987,False,Vocational training
1626,ab,1927,1921,1987,False,Employed
1626,ne,1921,1907,1987,False,Not employed
1626,ab,1907,1902,1987,False,Employed
1654,ab,1909,1901,1987,False,Employed
1667,ab,1917,1910,1990,True,Employed
1667,ne,1910,1909,1990,True,Not employed
1667,ab,1909,1907,1990,True,Employed
1667,ne,1907,1905,1990,True,Not employed
1667,se,1905,1904,1990,True,Self-employed
1668,ab,1920,1908,1990,True,Employed
1668,se,1908,1904,1990,True,Self-employed
1673,le,1913,1910,1987,False,Vocational training
1673,ab,1910,1909,1987,False,Employed
1673,ab,1909,1904,1987,False,Employed
1673,se,1904,1901,1987,False,Self-employed
1676,ab,1916,1911,1990,True,Employed
1676,se,1911,1908,1990,True,Self-employed
1676,se,1908,1906,1990,True,Self-employed
1676,se,1906,1904,1990,True,Self-employed
1682,se,1909,1904,1990,True,Self-employed
1693,le,1905,1903,1987,False,Vocational training
1693,ab,1903,1901,1987,False,Employed
1697,le,1902,1901,1987,False,Vocational training
1699,ne,1906,1904,1990,True,Not employed
1705,le,1912,1910,1988,False,Vocational training
1705,ne,1910,1907,1988,False,Not employed
1705,ab,1907,1903,1988,False,Employed
1705,ab,1903,1902,1988,False,Employed
1713,le,1920,1917,1988,False,Vocational training
1713,ab,1917,1902,1988,False,Employed
1717,le,1918,1914,1988,False,Vocational training
1717,ab,1914,1913,1988,False,Employed
1717,ne,1913,1902,1988,False,Not employed
1718,le,1908,1904,1990,True,Vocational training
1728,ab,1927,1914,1988,False,Employed
1728,se,1914,1910,1988,False,Self-employed
1728,se,1910,1906,1988,False,Self-employed
1728,se,1906,1902,1988,False,Self-employed
1730,ab,1910,1904,1990,True,Employed
1743,le,1952,1950,1990,True,Vocational training
1743,ab,1950,1949,1990,True,Employed
1743,ab,1949,1948,1990,True,Employed
1743,ab,1948,1946,1990,True,Employed
1743,ne,1946,1940,1990,True,Not employed
1743,se,1940,1937,1990,True,Self-employed
1743,ne,1937,1935,1990,True,Not employed
1743,ab,1935,1932,1990,True,Employed
1743,ne,1932,1929,1990,True,Not employed
1743,se,1929,1926,1990,True,Self-employed
1743,ab,1926,1922,1990,True,Employed
1743,ne,1922,1921,1990,True,Not employed
1743,ab,1921,1907,1990,True,Employed
1743,ne,1907,1904,1990,True,Not employed
1748,ab,1914,1908,1988,False,Employed
1748,se,1908,1906,1988,False,Self-employed
1748,ne,1906,1903,1988,False,Not employed
1752,le,1921,1918,1988,False,Vocational training
1752,ab,1918,1906,1988,False,Employed
1752,se,1906,1904,1988,False,Self-employed
1752,al,1904,1903,1988,False,Unemployed
1752,ab,1903,1902,1988,False,Employed
1756,ab,1925,1905,1990,True,Employed
1761,le,1936,1933,1990,True,Vocational training
1761,ab,1933,1930,1990,True,Employed
1761,wz,1930,1927,1990,True,Military/Civil service
1761,ab,1927,1918,1990,True,Employed
1761,se,1918,1905,1990,True,Self-employed
1765,le,1932,1928,1990,True,Vocational training
1765,ne,1928,1925,1990,True,Not employed
1765,ab,1925,1911,1990,True,Employed
1765,se,1911,1905,1990,True,Self-employed
1766,le,1926,1923,1990,True,Vocational training
1766,ab,1923,1917,1990,True,Employed
1766,ab,1917,1907,1990,True,Employed
1766,se,1907,1905,1990,True,Self-employed
1768,le,1918,1909,1990,True,Vocational training
1768,ab,1909,1907,1990,True,Employed
1768,ab,1907,1905,1990,True,Employed
1771,se,1912,1911,1990,True,Self-employed
1771,ne,1911,1909,1990,True,Not employed
1771,se,1909,1907,1990,True,Self-employed
1771,se,1907,1905,1990,True,Self-employed
1773,ab,1917,1912,1990,True,Employed
1773,se,1912,1906,1990,True,Self-employed
1773,ne,1906,1905,1990,True,Not employed
1778,ab,1920,1919,1990,True,Employed
1778,ab,1919,1918,1990,True,Employed
1778,ab,1918,1917,1990,True,Employed
1778,ab,1917,1906,1990,True,Employed
1778,se,1906,1905,1990,True,Self-employed
1784,ab,1910,1909,1990,True,Employed
1784,se,1909,1905,1990,True,Self-employed
1787,ne,1930,1929,1990,True,Not employed
1787,le,1929,1927,1990,True,Vocational training
1787,wz,1927,1926,1990,True,Military/Civil service
1787,ab,1926,1905,1990,True,Employed
1789,ab,1911,1910,1990,True,Employed
1789,ab,1910,1905,1990,True,Employed
1791,le,1944,1941,1990,True,Vocational training
1791,ab,1941,1930,1990,True,Employed
1791,ab,1930,1926,1990,True,Employed
1791,se,1926,1913,1990,True,Self-employed
1791,se,1913,1905,1990,True,Self-employed
1792,ab,1944,1940,1990,True,Employed
1792,se,1940,1905,1990,True,Self-employed
1800,ab,1908,1905,1990,True,Employed
1801,le,1935,1932,1990,True,Vocational training
1801,ab,1932,1926,1990,True,Employed
1801,ab,1926,1905,1990,True,Employed
1807,le,1921,1918,1990,True,Vocational training
1807,ab,1918,1914,1990,True,Employed
1807,le,1914,1912,1990,True,Vocational training
1807,ab,1912,1908,1990,True,Employed
1807,ne,1908,1905,1990,True,Not employed
1810,se,1918,1905,1990,True,Self-employed
1812,ab,1912,1908,1990,True,Employed
1812,se,1908,1907,1990,True,Self-employed
1812,se,1907,1905,1990,True,Self-employed
1820,le,1922,1920,1990,True,Vocational training
1820,ab,1920,1919,1990,True,Employed
1820,ab,1919,1918,1990,True,Employed
1820,se,1918,1916,1990,True,Self-employed
1820,se,1916,1905,1990,True,Self-employed
1833,ab,1911,1906,1990,True,Employed
1833,ab,1906,1905,1990,True,Employed
1836,le,1916,1914,1990,True,Vocational training
1836,ab,1914,1905,1990,True,Employed
1848,le,1950,1947,1990,True,Vocational training
1848,wz,1947,1945,1990,True,Military/Civil service
1848,se,1945,1925,1990,True,Self-employed
1848,se,1925,1905,1990,True,Self-employed
1872,ab,1926,1905,1990,True,Employed
1873,le,1929,1927,1990,True,Vocational training
1873,ne,1927,1923,1990,True,Not employed
1873,ab,1923,1904,1990,True,Employed
1888,ab,1910,1907,1990,True,Employed
1888,se,1907,1904,1990,True,Self-employed
1890,le,1949,1946,1990,True,Vocational training
1890,wz,1946,1945,1990,True,Military/Civil service
1890,ab,1945,1944,1990,True,Employed
1890,ab,1944,1942,1990,True,Employed
1890,ab,1942,1940,1990,True,Employed
1890,ab,1940,1935,1990,True,Employed
1890,ab,1935,1929,1990,True,Employed
1890,se,1929,1905,1990,True,Self-employed
1898,le,1932,1928,1990,True,Vocational training
1898,ab,1928,1904,1990,True,Employed
1900,le,1937,1934,1990,True,Vocational training
1900,ab,1934,1931,1990,True,Employed
1900,wz,1931,1930,1990,True,Military/Civil service
1900,ab,1930,1904,1990,True,Employed
1901,ab,1928,1922,1990,True,Employed
1901,ab,1922,1912,1990,True,Employed
1901,se,1912,1908,1990,True,Self-employed
1901,se,1908,1904,1990,True,Self-employed
1909,le,1926,1924,1990,True,Vocational training
1909,ab,1924,1908,1990,True,Employed
1909,se,1908,1904,1990,True,Self-employed
1922,le,1939,1936,1990,True,Vocational training
1922,ab,1936,1934,1990,True,Employed
1922,ab,1934,1932,1990,True,Employed
1922,se,1932,1904,1990,True,Self-employed
1924,ab,1934,1929,1990,True,Employed
1924,se,1929,1915,1990,True,Self-employed
1924,se,1915,1904,1990,True,Self-employed
1926,ab,1933,1904,1990,True,Employed
1931,ab,1918,1904,1990,True,Employed
1935,le,1918,1917,1990,True,Vocational training
1935,wz,1917,1916,1990,True,Military/Civil service
1935,ab,1916,1910,1990,True,Employed
1935,ne,1910,1908,1990,True,Not employed
1935,ab,1908,1905,1990,True,Employed
1935,al,1905,1904,1990,True,Unemployed
1941,ab,1931,1923,1990,True,Employed
1941,se,1923,1914,1990,True,Self-employed
1941,se,1914,1904,1990,True,Self-employed
1944,le,1920,1917,1990,True,Vocational training
1944,ab,1917,1914,1990,True,Employed
1944,ab,1914,1906,1990,True,Employed
1944,se,1906,1904,1990,True,Self-employed
1949,se,1932,1929,1990,True,Self-employed
1949,se,1929,1915,1990,True,Self-employed
1949,se,1915,1904,1990,True,Self-employed
1955,ne,1914,1911,1990,True,Not employed
1955,ab,1911,1907,1990,True,Employed
1955,se,1907,1905,1990,True,Self-employed
1955,ab,1905,1904,1990,True,Employed
1958,le,1917,1915,1990,True,Vocational training
1958,ab,1915,1912,1990,True,Employed
1958,le,1912,1910,1990,True,Vocational training
1958,ab,1910,1907,1990,True,Employed
1958,se,1907,1904,1990,True,Self-employed
1966,ab,1928,1926,1990,True,Employed
1966,wz,1926,1924,1990,True,Military/Civil service
1966,ab,1924,1918,1990,True,Employed
1966,se,1918,1904,1990,True,Self-employed
1971,se,1912,1904,1990,True,Self-employed
1976,le,1914,1912,1990,True,Vocational training
1976,ne,1912,1911,1990,True,Not employed
1976,se,1911,1906,1990,True,Self-employed
1976,ne,1906,1904,1990,True,Not employed
1982,le,1927,1922,1990,True,Vocational training
1982,ab,1922,1914,1990,True,Employed
1982,le,1914,1912,1990,True,Vocational training
1982,ab,1912,1904,1990,True,Employed
1984,se,1920,1905,1990,True,Self-employed
1987,le,1934,1931,1990,True,Vocational training
1987,ab,1931,1903,1990,True,Employed
1989,le,1914,1911,1990,True,Vocational training
1989,wz,1911,1907,1990,True,Military/Civil service
1989,ab,1907,1906,1990,True,Employed
1989,ab,1906,1905,1990,True,Employed
2015,le,1942,1939,1990,True,Vocational training
2015,ne,1939,1935,1990,True,Not employed
2015,se,1935,1905,1990,True,Self-employed
2019,le,1925,1922,1990,True,Vocational training
2019,ab,1922,1905,1990,True,Employed
2035,se,1920,1917,1990,True,Self-employed
2035,se,1917,1907,1990,True,Self-employed
2035,se,1907,1906,1990,True,Self-employed
2035,se,1906,1905,1990,True,Self-employed
2042,le,1922,1920,1990,True,Vocational training
2042,ab,1920,1909,1990,True,Employed
2042,se,1909,1905,1990,True,Self-employed
2049,le,1909,1906,1985,False,Vocational training
2049,ab,1906,1903,1985,False,Employed
2049,wz,1903,1901,1985,False,Military/Civil service
2049,ab,1901,1900,1985,False,Employed
2065,ab,1915,1914,1990,True,Employed
2065,ab,1914,1913,1990,True,Employed
2065,se,1913,1905,1990,True,Self-employed
2067,le,1943,1940,1990,True,Vocational training
2067,ab,1940,1938,1990,True,Employed
2067,ab,1938,1935,1990,True,Employed
2067,ab,1935,1934,1990,True,Employed
2067,ab,1934,1933,1990,True,Employed
2067,ab,1933,1929,1990,True,Employed
2067,ab,1929,1926,1990,True,Employed
2067,ab,1926,1923,1990,True,Employed
2067,ab,1923,1914,1990,True,Employed
2067,se,1914,1905,1990,True,Self-employed
2070,ab,1929,1920,1990,True,Employed
2070,se,1920,1905,1990,True,Self-employed
2071,le,1926,1923,1990,True,Vocational training
2071,wz,1923,1921,1990,True,Military/Civil service
2071,le,1921,1918,1990,True,Vocational training
2071,ab,1918,1912,1990,True,Employed
2071,se,1912,1905,1990,True,Self-employed
2073,le,1927,1924,1990,True,Vocational training
2073,wz,1924,1922,1990,True,Military/Civil service
2073,ab,1922,1905,1990,True,Employed
2080,ab,1910,1905,1990,True,Employed
2082,ab,1919,1906,1990,True,Employed
2082,se,1906,1905,1990,True,Self-employed
2089,le,1933,1931,1990,True,Vocational training
2089,ab,1931,1927,1990,True,Employed
2089,wz,1927,1926,1990,True,Military/Civil service
2089,ab,1926,1919,1990,True,Employed
2089,ab,1919,1911,1990,True,Employed
2089,se,1911,1909,1990,True,Self-employed
2089,ab,1909,1905,1990,True,Employed
2096,le,1925,1923,1990,True,Vocational training
2096,ne,1923,1922,1990,True,Not employed
2096,ab,1922,1905,1990,True,Employed
2103,ab,1926,1923,1990,True,Employed
2103,ab,1923,1910,1990,True,Employed
2103,se,1910,1905,1990,True,Self-employed
2107,le,1934,1932,1990,True,Vocational training
2107,ab,1932,1914,1990,True,Employed
2107,se,1914,1904,1990,True,Self-employed
2110,ab,1913,1909,1990,True,Employed
2110,ab,1909,1904,1990,True,Employed
2113,ab,1919,1910,1990,True,Employed
2113,ab,1910,1904,1990,True,Employed
2115,le,1940,1926,1990,True,Vocational training
2115,se,1926,1914,1990,True,Self-employed
2115,ab,1914,1908,1990,True,Employed
2115,ab,1908,1904,1990,True,Employed
2121,le,1923,1920,1990,False,Vocational training
2121,ab,1920,1919,1990,False,Employed
2121,ab,1919,1917,1990,False,Employed
2121,se,1917,1914,1990,False,Self-employed
2121,ab,1914,1910,1990,False,Employed
2121,se,1910,1904,1990,False,Self-employed
2126,le,1932,1930,1990,True,Vocational training
2126,wz,1930,1928,1990,True,Military/Civil service
2126,ab,1928,1922,1990,True,Employed
2126,se,1922,1904,1990,True,Self-employed
2134,le,1948,1946,1990,True,Vocational training
2134,wz,1946,1944,1990,True,Military/Civil service
2134,le,1944,1940,1990,True,Vocational training
2134,ab,1940,1934,1990,True,Employed
2134,ab,1934,1931,1990,True,Employed
2134,se,1931,1904,1990,True,Self-employed
2135,ab,1912,1907,1990,True,Employed
2135,le,1907,1904,1990,True,Vocational training
2137,ab,1938,1924,1990,True,Employed
2137,se,1924,1904,1990,True,Self-employed
2142,ab,1907,1905,1990,True,Employed
2142,se,1905,1904,1990,True,Self-employed
2143,ab,1907,1905,1990,True,Employed
2148,le,1933,1929,1990,True,Vocational training
2148,ab,1929,1927,1990,True,Employed
2148,ab,1927,1922,1990,True,Employed
2148,ne,1922,1920,1990,True,Not employed
2148,ab,1920,1914,1990,True,Employed
2148,ne,1914,1904,1990,True,Not employed
2149,le,1933,1930,1990,True,Vocational training
2149,ab,1930,1913,1990,True,Employed
2149,se,1913,1905,1990,True,Self-employed
2149,ne,1905,1904,1990,True,Not employed
2150,le,1936,1933,1990,True,Vocational training
2150,ab,1933,1923,1990,True,Employed
2150,ab,1923,1918,1990,True,Employed
2150,se,1918,1904,1990,True,Self-employed
2159,le,1934,1931,1990,True,Vocational training
2159,ab,1931,1930,1990,True,Employed
2159,ne,1930,1914,1990,True,Not employed
2159,ab,1914,1911,1990,True,Employed
2159,ab,1911,1909,1990,True,Employed
2159,ab,1909,1904,1990,True,Employed
2160,le,1938,1935,1990,True,Vocational training
2160,ab,1935,1932,1990,True,Employed
2160,ab,1932,1924,1990,True,Employed
2160,ab,1924,1919,1990,True,Employed
2160,ab,1919,1904,1990,True,Employed
2176,le,1913,1909,1990,True,Vocational training
2176,ab,1909,1908,1990,True,Employed
2176,wz,1908,1907,1990,True,Military/Civil service
2176,ab,1907,1904,1990,True,Employed
2178,le,1934,1932,1990,True,Vocational training
2178,ab,1932,1918,1990,True,Employed
2178,se,1918,1904,1990,True,Self-employed
2181,le,1938,1937,1990,True,Vocational training
2181,ab,1937,1913,1990,True,Employed
2182,ab,1928,1918,1987,False,Employed
2182,ab,1918,1916,1987,False,Employed
2182,se,1916,1913,1987,False,Self-employed
2182,ab,1913,1910,1987,False,Employed
2182,ne,1910,1909,1987,False,Not employed
2182,se,1909,1907,1987,False,Self-employed
2182,ab,1907,1902,1987,False,Employed
2187,le,1916,1913,1987,False,Vocational training
2187,ab,1913,1908,1987,False,Employed
2187,ne,1908,1902,1987,False,Not employed
2191,ab,1920,1912,1988,False,Employed
2191,al,1912,1911,1988,False,Unemployed
2191,ne,1911,1903,1988,False,Not employed
2193,wz,1909,1907,1990,True,Military/Civil service
2193,ne,1907,1906,1990,True,Not employed
2193,ab,1906,1905,1990,True,Employed
2200,ab,1917,1905,1990,True,Employed
2201,le,1914,1911,1990,True,Vocational training
2201,ab,1911,1907,1990,True,Employed
2201,se,1907,1905,1990,True,Self-employed
2201,se,1905,1904,1990,True,Self-employed
2203,le,1907,1906,1990,True,Vocational training
2203,wz,1906,1904,1990,True,Military/Civil service
2205,le,1913,1910,1990,True,Vocational training
2205,le,1910,1908,1990,True,Vocational training
2205,wz,1908,1907,1990,True,Military/Civil service
2205,ab,1907,1904,1990,True,Employed
2220,le,1921,1918,1990,True,Vocational training
2220,ab,1918,1904,1990,True,Employed
2221,le,1925,1923,1990,True,Vocational training
2221,ab,1923,1921,1990,True,Employed
2221,ab,1921,1919,1990,True,Employed
2221,wz,1919,1917,1990,True,Military/Civil service
2221,ab,1917,1911,1990,True,Employed
2221,se,1911,1904,1990,True,Self-employed
2234,ab,1936,1932,1990,True,Employed
2234,ab,1932,1926,1990,True,Employed
2234,ne,1926,1920,1990,True,Not employed
2234,se,1920,1916,1990,True,Self-employed
2234,se,1916,1905,1990,True,Self-employed
2236,le,1913,1910,1989,False,Vocational training
2236,ab,1910,1908,1989,False,Employed
2236,ne,1908,1907,1989,False,Not employed
2236,se,1907,1903,1989,False,Self-employed
2240,ne,1925,1923,1990,True,Not employed
2240,le,1923,1921,1990,True,Vocational training
2240,ab,1921,1917,1990,True,Employed
2240,ne,1917,1916,1990,True,Not employed
2240,se,1916,1909,1990,True,Self-employed
2240,ab,1909,1906,1990,True,Employed
2240,se,1906,1904,1990,True,Self-employed
2247,le,1931,1928,1990,True,Vocational training
2247,ab,1928,1923,1990,True,Employed
2247,ne,1923,1920,1990,True,Not employed
2247,ab,1920,1913,1990,True,Employed
2247,ab,1913,1905,1990,True,Employed
2249,le,1920,1912,1990,True,Vocational training
2249,ab,1912,1906,1990,True,Employed
2249,se,1906,1904,1990,True,Self-employed
2250,le,1930,1927,1990,True,Vocational training
2250,ab,1927,1926,1990,True,Employed
2250,ne,1926,1924,1990,True,Not employed
2250,ab,1924,1920,1990,True,Employed
2250,ne,1920,1918,1990,True,Not employed
2250,ab,1918,1914,1990,True,Employed
2250,ne,1914,1912,1990,True,Not employed
2250,ab,1912,1910,1990,True,Employed
2250,se,1910,1908,1990,True,Self-employed
2250,se,1908,1905,1990,True,Self-employed
2251,ab,1924,1905,1990,True,Employed
2253,ab,1920,1908,1990,True,Employed
2253,ne,1908,1905,1990,True,Not employed
2254,le,1926,1924,1987,False,Vocational training
2254,ab,1924,1914,1987,False,Employed
2254,se,1914,1909,1987,False,Self-employed
2254,ab,1909,1902,1987,False,Employed
2262,le,1919,1917,1990,True,Vocational training
2262,ab,1917,1911,1990,True,Employed
2262,wz,1911,1908,1990,True,Military/Civil service
2262,ab,1908,1905,1990,True,Employed
2267,le,1926,1924,1990,True,Vocational training
2267,ab,1924,1922,1990,True,Employed
2267,ne,1922,1908,1990,True,Not employed
2267,ab,1908,1905,1990,True,Employed
2267,se,1905,1900,1990,True,Self-employed
2279,le,1934,1931,1990,True,Vocational training
2279,ab,1931,1929,1990,True,Employed
2279,ab,1929,1925,1990,True,Employed
2279,se,1925,1910,1990,True,Self-employed
2279,se,1910,1905,1990,True,Self-employed
2283,ab,1920,1914,1990,True,Employed
2283,ne,1914,1905,1990,True,Not employed
2289,ab,1915,1913,1990,True,Employed
2289,se,1913,1905,1990,True,Self-employed
2290,le,1921,1919,1990,True,Vocational training
2290,ab,1919,1912,1990,True,Employed
2290,le,1912,1910,1990,True,Vocational training
2290,ab,1910,1905,1990,True,Employed
2291,ab,1913,1905,1990,True,Employed
2294,ab,1933,1932,1990,True,Employed
2294,ab,1932,1930,1990,True,Employed
2294,ab,1930,1926,1990,True,Employed
2294,ab,1926,1905,1990,True,Employed
2298,le,1937,1934,1990,True,Vocational training
2298,ab,1934,1930,1990,True,Employed
2298,wz,1930,1929,1990,True,Military/Civil service
2298,ab,1929,1905,1990,True,Employed
2302,le,1929,1926,1990,True,Vocational training
2302,wz,1926,1925,1990,True,Military/Civil service
2302,ab,1925,1905,1990,True,Employed
2305,ab,1918,1917,1990,True,Employed
2305,wz,1917,1916,1990,True,Military/Civil service
2305,ne,1916,1915,1990,True,Not employed
2305,ab,1915,1910,1990,True,Employed
2305,ab,1910,1908,1990,True,Employed
2305,ab,1908,1905,1990,True,Employed
2306,le,1934,1931,1990,True,Vocational training
2306,ab,1931,1925,1990,True,Employed
2306,se,1925,1909,1990,True,Self-employed
2306,se,1909,1905,1990,True,Self-employed
2310,le,1941,1938,1990,True,Vocational training
2310,ne,1938,1933,1990,True,Not employed
2310,ab,1933,1904,1990,True,Employed
2314,le,1920,1917,1990,True,Vocational training
2314,ab,1917,1909,1990,True,Employed
2314,ne,1909,1904,1990,True,Not employed
2317,le,1925,1922,1986,False,Vocational training
2317,ab,1922,1900,1986,False,Employed
2318,ab,1929,1922,1990,True,Employed
2318,ab,1922,1918,1990,True,Employed
2318,ne,1918,1905,1990,True,Not employed
2318,al,1905,1904,1990,True,Unemployed
2331,le,1929,1926,1990,True,Vocational training
2331,ab,1926,1918,1990,True,Employed
2331,ne,1918,1904,1990,True,Not employed
2335,le,1940,1936,1990,True,Vocational training
2335,ab,1936,1930,1990,True,Employed
2335,ne,1930,1904,1990,True,Not employed
2336,wz,1919,1918,1990,True,Military/Civil service
2336,se,1918,1916,1990,True,Self-employed
2336,ab,1916,1915,1990,True,Employed
2336,ab,1915,1914,1990,True,Employed
2336,ab,1914,1903,1990,True,Employed
2338,ne,1922,1921,1990,True,Not employed
2338,ab,1921,1920,1990,True,Employed
2338,ne,1920,1915,1990,True,Not employed
2338,ne,1915,1911,1990,True,Not employed
2338,ab,1911,1908,1990,True,Employed
2338,ne,1908,1904,1990,True,Not employed
2340,ne,1926,1924,1990,True,Not employed
2340,wz,1924,1922,1990,True,Military/Civil service
2340,le,1922,1920,1990,True,Vocational training
2340,ab,1920,1918,1990,True,Employed
2340,le,1918,1917,1990,True,Vocational training
2340,se,1917,1904,1990,True,Self-employed
2347,le,1917,1913,1990,True,Vocational training
2347,wz,1913,1912,1990,True,Military/Civil service
2347,ab,1912,1906,1990,True,Employed
2347,ab,1906,1904,1990,True,Employed
2351,le,1922,1920,1990,True,Vocational training
2351,ab,1920,1918,1990,True,Employed
2351,ne,1918,1904,1990,True,Not employed
2354,ab,1924,1919,1990,True,Employed
2355,le,1915,1912,1990,True,Vocational training
2355,ab,1912,1911,1990,True,Employed
2355,wz,1911,1910,1990,True,Military/Civil service
2355,ab,1910,1909,1990,True,Employed
2355,ab,1909,1907,1990,True,Employed
2355,ab,1907,1906,1990,True,Employed
2355,ab,1906,1904,1990,True,Employed
2356,le,1929,1926,1990,True,Vocational training
2356,ab,1926,1923,1990,True,Employed
2356,wz,1923,1922,1990,True,Military/Civil service
2356,ab,1922,1909,1990,True,Employed
2356,se,1909,1903,1990,True,Self-employed
2368,se,1908,1907,1990,True,Self-employed
2368,se,1907,1904,1990,True,Self-employed
2369,ne,1945,1938,1990,True,Not employed
2369,ne,1938,1936,1990,True,Not employed
2369,se,1936,1904,1990,True,Self-employed
2372,le,1909,1907,1990,True,Vocational training
2372,le,1907,1906,1990,True,Vocational training
2372,se,1906,1904,1990,True,Self-employed
2376,le,1914,1911,1990,True,Vocational training
2376,ab,1911,1910,1990,True,Employed
2376,wz,1910,1909,1990,True,Military/Civil service
2376,ab,1909,1905,1990,True,Employed
2376,ab,1905,1904,1990,True,Employed
2377,le,1932,1929,1990,True,Vocational training
2377,ab,1929,1920,1990,True,Employed
2377,ne,1920,1914,1990,True,Not employed
2377,ab,1914,1904,1990,True,Employed
2380,ab,1912,1904,1990,True,Employed
2384,ab,1936,1930,1989,False,Employed
2384,ne,1930,1906,1989,False,Not employed
2384,ab,1906,1903,1989,False,Employed
2386,le,1917,1914,1990,True,Vocational training
2386,le,1914,1912,1990,True,Vocational training
2386,ab,1912,1911,1990,True,Employed
2386,ne,1911,1904,1990,True,Not employed
2389,ab,1924,1917,1990,True,Employed
2389,se,1917,1904,1990,True,Self-employed
2398,ab,1922,1913,1990,True,Employed
2398,ne,1913,1904,1990,True,Not employed
2400,le,1921,1919,1990,True,Vocational training
2400,ab,1919,1904,1990,True,Employed
2403,ab,1920,1916,1990,True,Employed
2403,se,1916,1904,1990,True,Self-employed
2406,le,1922,1919,1990,True,Vocational training
2406,ab,1919,1915,1990,True,Employed
2406,ab,1915,1912,1990,True,Employed
2406,ab,1912,1904,1990,True,Employed
2410,le,1927,1924,1990,True,Vocational training
2410,ab,1924,1918,1990,True,Employed
2410,wz,1918,1906,1990,True,Military/Civil service
2410,le,1906,1904,1990,True,Vocational training
2413,wz,1925,1924,1990,True,Military/Civil service
2413,ab,1924,1923,1990,True,Employed
2413,ab,1923,1921,1990,True,Employed
2413,ab,1921,1910,1990,True,Employed
2413,se,1910,1905,1990,True,Self-employed
2418,ne,1925,1918,1990,True,Not employed
2418,ab,1918,1902,1990,True,Employed
2427,le,1911,1908,1987,False,Vocational training
2427,ab,1908,1902,1987,False,Employed
2438,le,1931,1926,1986,False,Vocational training
2438,ab,1926,1923,1986,False,Employed
2438,se,1923,1901,1986,False,Self-employed
2442,ab,1914,1907,1986,False,Employed
2442,ne,1907,1900,1986,False,Not employed
2446,le,1915,1912,1990,True,Vocational training
2446,wz,1912,1910,1990,True,Military/Civil service
2446,ab,1910,1905,1990,True,Employed
2448,le,1930,1927,1990,True,Vocational training
2448,ab,1927,1926,1990,True,Employed
2448,le,1926,1921,1990,True,Vocational training
2448,al,1921,1917,1990,True,Unemployed
2448,le,1917,1915,1990,True,Vocational training
2448,ab,1915,1910,1990,True,Employed
2448,se,1910,1905,1990,True,Self-employed
2460,le,1919,1916,1988,False,Vocational training
2460,ab,1916,1908,1988,False,Employed
2460,ab,1908,1903,1988,False,Employed
2461,le,1924,1921,1988,False,Vocational training
2461,ab,1921,1919,1988,False,Employed
2461,le,1919,1917,1988,False,Vocational training
2461,ab,1917,1910,1988,False,Employed
2461,ne,1910,1903,1988,False,Not employed
2469,le,1903,1900,1985,False,Vocational training
2472,le,1946,1943,1986,False,Vocational training
2472,ab,1943,1942,1986,False,Employed
2472,wz,1942,1937,1986,False,Military/Civil service
2472,ab,1937,1933,1986,False,Employed
2472,ab,1933,1926,1986,False,Employed
2472,ab,1926,1904,1986,False,Employed
2472,al,1904,1903,1986,False,Unemployed
2472,ab,1903,1901,1986,False,Employed
2474,ab,1903,1900,1985,False,Employed
2477,ab,1928,1925,1986,False,Employed
2477,wz,1925,1924,1986,False,Military/Civil service
2477,se,1924,1917,1986,False,Self-employed
2477,ab,1917,1901,1986,False,Employed
2485,ab,1919,1918,1987,False,Employed
2485,ab,1918,1917,1987,False,Employed
2485,ab,1917,1916,1987,False,Employed
2485,ab,1916,1915,1987,False,Employed
2485,ab,1915,1914,1987,False,Employed
2485,ab,1914,1913,1987,False,Employed
2485,ab,1913,1912,1987,False,Employed
2485,ne,1912,1910,1987,False,Not employed
2485,le,1910,1909,1987,False,Vocational training
2485,al,1909,1908,1987,False,Unemployed
2485,le,1908,1906,1987,False,Vocational training
2485,se,1906,1902,1987,False,Self-employed
2489,le,1911,1907,1990,True,Vocational training
2489,ab,1907,1906,1990,True,Employed
2489,al,1906,1905,1990,True,Unemployed
2490,le,1918,1915,1988,False,Vocational training
2490,ab,1915,1903,1988,False,Employed
2496,se,1905,1903,1988,False,Self-employed
2510,le,1908,1905,1985,False,Vocational training
2510,wz,1905,1903,1985,False,Military/Civil service
2510,se,1903,1900,1985,False,Self-employed
2513,le,1930,1927,1985,False,Vocational training
2513,ab,1927,1920,1985,False,Employed
2513,ab,1920,1915,1985,False,Employed
2513,ab,1915,1905,1985,False,Employed
2513,ab,1905,1900,1985,False,Employed
2515,le,1908,1906,1988,False,Vocational training
2515,le,1906,1905,1988,False,Vocational training
2515,ab,1905,1903,1988,False,Employed
2519,le,1904,1902,1985,False,Vocational training
2519,ab,1902,1901,1985,False,Employed
2519,ab,1901,1900,1985,False,Employed
2523,le,1942,1941,1985,False,Vocational training
2523,ab,1941,1936,1985,False,Employed
2523,ab,1936,1934,1985,False,Employed
2523,ab,1934,1925,1985,False,Employed
2523,se,1925,1921,1985,False,Self-employed
2523,se,1921,1918,1985,False,Self-employed
2523,ne,1918,1916,1985,False,Not employed
2523,ab,1916,1900,1985,False,Employed
2527,ne,1911,1909,1987,False,Not employed
2527,le,1909,1906,1987,False,Vocational training
2527,ab,1906,1905,1987,False,Employed
2527,ab,1905,1902,1987,False,Employed
2531,ab,1911,1901,1986,False,Employed
2533,ab,1923,1921,1986,False,Employed
2533,ab,1921,1919,1986,False,Employed
2533,ne,1919,1917,1986,False,Not employed
2533,se,1917,1913,1986,False,Self-employed
2533,ab,1913,1910,1986,False,Employed
2533,ab,1910,1909,1986,False,Employed
2533,se,1909,1907,1986,False,Self-employed
2533,se,1907,1903,1986,False,Self-employed
2533,se,1903,1901,1986,False,Self-employed
2540,wz,1918,1914,1990,True,Military/Civil service
2540,ab,1914,1913,1990,True,Employed
2540,ab,1913,1905,1990,True,Employed
2556,le,1902,1900,1985,False,Vocational training
2561,le,1923,1921,1987,False,Vocational training
2561,ab,1921,1919,1987,False,Employed
2561,ab,1919,1917,1987,False,Employed
2561,ne,1917,1915,1987,False,Not employed
2561,ne,1915,1914,1987,False,Not employed
2561,ab,1914,1910,1987,False,Employed
2561,ab,1910,1908,1987,False,Employed
2561,ab,1908,1902,1987,False,Employed
2574,ab,1922,1917,1985,False,Employed
2574,ne,1917,1916,1985,False,Not employed
2574,ne,1916,1914,1985,False,Not employed
2574,ab,1914,1907,1985,False,Employed
2574,ne,1907,1905,1985,False,Not employed
2574,ab,1905,1900,1985,False,Employed
2584,le,1907,1904,1986,False,Vocational training
2584,wz,1904,1903,1986,False,Military/Civil service
2584,le,1903,1901,1986,False,Vocational training
2589,ab,1918,1917,1990,True,Employed
2589,wz,1917,1916,1990,True,Military/Civil service
2589,ab,1916,1910,1990,True,Employed
2589,se,1910,1906,1990,True,Self-employed
2589,al,1906,1905,1990,True,Unemployed
2597,ne,1921,1912,1986,False,Not employed
2597,se,1912,1901,1986,False,Self-employed
2620,le,1903,1902,1986,False,Vocational training
2620,ab,1902,1901,1986,False,Employed
2622,ab,1918,1917,1990,True,Employed
2622,ab,1917,1913,1990,True,Employed
2622,ab,1913,1912,1990,True,Employed
2622,ab,1912,1911,1990,True,Employed
2622,ne,1911,1906,1990,True,Not employed
2622,ab,1906,1905,1990,True,Employed
2630,ab,1910,1907,1987,False,Employed
2630,al,1907,1906,1987,False,Unemployed
2630,se,1906,1902,1987,False,Self-employed
2631,le,1910,1909,1988,False,Vocational training
2631,le,1909,1907,1988,False,Vocational training
2631,ab,1907,1903,1988,False,Employed
2634,ab,1906,1901,1985,False,Employed
2634,ne,1901,1900,1985,False,Not employed
2637,le,1931,1928,1990,True,Vocational training
2637,wz,1928,1927,1990,True,Military/Civil service
2637,ab,1927,1922,1990,True,Employed
2637,se,1922,1910,1990,True,Self-employed
2637,se,1910,1905,1990,True,Self-employed
2640,ab,1912,1910,1988,False,Employed
2640,al,1910,1909,1988,False,Unemployed
2640,ab,1909,1907,1988,False,Employed
2640,ab,1907,1903,1988,False,Employed
2645,le,1910,1908,1986,False,Vocational training
2645,wz,1908,1904,1986,False,Military/Civil service
2645,ne,1904,1903,1986,False,Not employed
2645,ab,1903,1901,1986,False,Employed
2655,ab,1930,1927,1987,False,Employed
2655,ne,1927,1916,1987,False,Not employed
2655,ne,1916,1906,1987,False,Not employed
2655,se,1906,1904,1987,False,Self-employed
2655,ne,1904,1902,1987,False,Not employed
2656,le,1928,1926,1985,False,Vocational training
2656,wz,1926,1924,1985,False,Military/Civil service
2656,se,1924,1917,1985,False,Self-employed
2656,ab,1917,1910,1985,False,Employed
2656,ab,1910,1908,1985,False,Employed
2656,se,1908,1900,1985,False,Self-employed
2660,ab,1926,1923,1985,False,Employed
2660,le,1923,1920,1985,False,Vocational training
2660,wz,1920,1918,1985,False,Military/Civil service
2660,ab,1918,1914,1985,False,Employed
2660,ne,1914,1909,1985,False,Not employed
2660,ne,1909,1907,1985,False,Not employed
2660,ab,1907,1902,1985,False,Employed
2660,al,1902,1900,1985,False,Unemployed
2661,le,1949,1947,1986,False,Vocational training
2661,ab,1947,1944,1986,False,Employed
2661,wz,1944,1941,1986,False,Military/Civil service
2661,ab,1941,1935,1986,False,Employed
2661,se,1935,1901,1986,False,Self-employed
2665,se,1917,1907,1986,False,Self-employed
2665,ab,1907,1901,1986,False,Employed
2666,le,1915,1912,1989,False,Vocational training
2666,ab,1912,1911,1989,False,Employed
2666,wz,1911,1909,1989,False,Military/Civil service
2666,ab,1909,1905,1989,False,Employed
2666,ab,1905,1904,1989,False,Employed
2670,ab,1903,1902,1987,False,Employed
2671,ab,1903,1901,1986,False,Employed
2673,ab,1910,1907,1987,False,Employed
2673,se,1907,1902,1987,False,Self-employed
2684,le,1912,1909,1989,False,Vocational training
2684,ne,1909,1902,1989,False,Not employed
2685,le,1934,1931,1987,False,Vocational training
2685,ab,1931,1904,1987,False,Employed
2685,al,1904,1903,1987,False,Unemployed
2685,ab,1903,1902,1987,False,Employed
2690,le,1920,1916,1990,True,Vocational training
2690,ab,1916,1912,1990,True,Employed
2690,le,1912,1909,1990,True,Vocational training
2690,se,1909,1908,1990,True,Self-employed
2690,wz,1908,1907,1990,True,Military/Civil service
2690,se,1907,1905,1990,True,Self-employed
2692,ab,1913,1901,1986,False,Employed
2693,le,1925,1923,1990,True,Vocational training
2693,ab,1923,1918,1990,True,Employed
2693,ab,1918,1909,1990,True,Employed
2693,se,1909,1907,1990,True,Self-employed
2693,ab,1907,1904,1990,True,Employed
2704,le,1936,1933,1990,True,Vocational training
2704,ab,1933,1927,1990,True,Employed
2704,ab,1927,1904,1990,True,Employed
2706,le,1934,1931,1990,True,Vocational training
2706,se,1931,1907,1990,True,Self-employed
2706,ne,1907,1904,1990,True,Not employed
2717,le,1935,1932,1990,True,Vocational training
2717,ab,1932,1929,1990,True,Employed
2717,ab,1929,1926,1990,True,Employed
2717,ab,1926,1921,1990,True,Employed
2717,se,1921,1904,1990,True,Self-employed
2720,ab,1917,1913,1986,False,Employed
2720,se,1913,1900,1986,False,Self-employed
2726,ab,1936,1929,1989,False,Employed
2726,ne,1929,1917,1989,False,Not employed
2726,ab,1917,1914,1989,False,Employed
2726,ne,1914,1912,1989,False,Not employed
2726,ab,1912,1911,1989,False,Employed
2726,ne,1911,1909,1989,False,Not employed
2726,al,1909,1907,1989,False,Unemployed
2726,ne,1907,1903,1989,False,Not employed
2731,ab,1944,1937,1990,True,Employed
2731,ne,1937,1930,1990,True,Not employed
2731,ab,1930,1904,1990,True,Employed
2732,ab,1905,1901,1987,False,Employed
2736,le,1907,1904,1990,True,Vocational training
2743,ab,1929,1923,1987,False,Employed
2743,ab,1923,1920,1987,False,Employed
2743,ab,1920,1917,1987,False,Employed
2743,ab,1917,1901,1987,False,Employed
2746,ne,1920,1918,1988,False,Not employed
2746,ab,1918,1914,1988,False,Employed
2746,wz,1914,1913,1988,False,Military/Civil service
2746,ab,1913,1902,1988,False,Employed
2752,se,1918,1910,1990,True,Self-employed
2752,ab,1910,1904,1990,True,Employed
2755,le,1905,1903,1986,False,Vocational training
2755,ab,1903,1900,1986,False,Employed
2760,le,1906,1904,1987,False,Vocational training
2760,al,1904,1903,1987,False,Unemployed
2760,ab,1903,1901,1987,False,Employed
2767,le,1904,1900,1986,False,Vocational training
2771,le,1914,1911,1988,False,Vocational training
2771,ab,1911,1907,1988,False,Employed
2771,ne,1907,1905,1988,False,Not employed
2771,ab,1905,1902,1988,False,Employed
2773,le,1910,1906,1990,True,Vocational training
2773,ab,1906,1904,1990,True,Employed
2777,le,1910,1906,1990,True,Vocational training
2777,se,1906,1904,1990,True,Self-employed
2792,wz,1908,1906,1990,True,Military/Civil service
2792,ne,1906,1905,1990,True,Not employed
2792,ab,1905,1904,1990,True,Employed
2807,ab,1910,1908,1990,True,Employed
2807,ne,1908,1904,1990,True,Not employed
2819,le,1927,1923,1990,True,Vocational training
2819,wz,1923,1921,1990,True,Military/Civil service
2819,ab,1921,1904,1990,True,Employed
2820,le,1927,1924,1990,True,Vocational training
2820,ab,1924,1921,1990,True,Employed
2820,wz,1921,1919,1990,True,Military/Civil service
2820,ab,1919,1909,1990,True,Employed
2820,al,1909,1908,1990,True,Unemployed
2820,se,1908,1904,1990,True,Self-employed
2827,ab,1931,1907,1988,False,Employed
2827,se,1907,1902,1988,False,Self-employed
2829,ab,1942,1940,1986,False,Employed
2829,ab,1940,1916,1986,False,Employed
2829,se,1916,1900,1986,False,Self-employed
2836,le,1908,1907,1988,False,Vocational training
2836,ne,1907,1906,1988,False,Not employed
2836,le,1906,1904,1988,False,Vocational training
2836,ab,1904,1902,1988,False,Employed
2837,le,1906,1904,1990,True,Vocational training
2840,le,1926,1925,1990,True,Vocational training
2840,ab,1925,1909,1990,True,Employed
2840,ab,1909,1904,1990,True,Employed
2846,le,1918,1915,1988,False,Vocational training
2846,wz,1915,1908,1988,False,Military/Civil service
2846,ne,1908,1907,1988,False,Not employed
2846,se,1907,1905,1988,False,Self-employed
2846,se,1905,1902,1988,False,Self-employed
2848,le,1918,1914,1988,False,Vocational training
2848,wz,1914,1903,1988,False,Military/Civil service
2848,ab,1903,1902,1988,False,Employed
2849,le,1922,1919,1987,False,Vocational training
2849,ab,1919,1916,1987,False,Employed
2849,ab,1916,1911,1987,False,Employed
2849,ne,1911,1901,1987,False,Not employed
2852,le,1904,1901,1986,False,Vocational training
2852,ab,1901,1900,1986,False,Employed
2865,le,1925,1922,1990,True,Vocational training
2865,ab,1922,1920,1990,True,Employed
2865,le,1920,1916,1990,True,Vocational training
2865,ne,1916,1908,1990,True,Not employed
2865,se,1908,1904,1990,True,Self-employed
2879,ab,1952,1940,1990,True,Employed
2879,ne,1940,1921,1990,True,Not employed
2879,se,1921,1903,1990,True,Self-employed
2880,wz,1949,1943,1988,False,Military/Civil service
2880,ne,1943,1941,1988,False,Not employed
2880,le,1941,1938,1988,False,Vocational training
2880,ab,1938,1935,1988,False,Employed
2880,se,1935,1902,1988,False,Self-employed
2884,le,1924,1921,1988,False,Vocational training
2884,ab,1921,1918,1988,False,Employed
2884,wz,1918,1917,1988,False,Military/Civil service
2884,ab,1917,1910,1988,False,Employed
2884,se,1910,1902,1988,False,Self-employed
2891,le,1912,1910,1990,True,Vocational training
2891,ab,1910,1904,1990,True,Employed
2892,le,1944,1940,1990,True,Vocational training
2892,ne,1940,1937,1990,True,Not employed
2892,ab,1937,1932,1990,True,Employed
2892,se,1932,1904,1990,True,Self-employed
2900,le,1912,1908,1988,False,Vocational training
2900,le,1908,1905,1988,False,Vocational training
2900,ab,1905,1902,1988,False,Employed
2902,ab,1918,1911,1990,True,Employed
2902,ne,1911,1910,1990,True,Not employed
2902,se,1910,1904,1990,True,Self-employed
2907,ab,1920,1917,1990,True,Employed
2907,ab,1917,1904,1990,True,Employed
2910,ab,1906,1904,1990,True,Employed
2915,le,1943,1940,1990,True,Vocational training
2915,ab,1940,1929,1990,True,Employed
2915,ne,1929,1916,1990,True,Not employed
2915,le,1916,1915,1990,True,Vocational training
2915,ab,1915,1910,1990,True,Employed
2915,se,1910,1909,1990,True,Self-employed
2915,ab,1909,1904,1990,True,Employed
2919,ab,1913,1911,1990,True,Employed
2919,ne,1911,1910,1990,True,Not employed
2919,ab,1910,1909,1990,True,Employed
2919,ne,1909,1907,1990,True,Not employed
2920,le,1939,1936,1990,True,Vocational training
2920,ab,1936,1935,1990,True,Employed
2920,ne,1935,1934,1990,True,Not employed
2920,ab,1934,1922,1990,True,Employed
2920,ab,1922,1905,1990,True,Employed
2922,wz,1911,1910,1990,True,Military/Civil service
2922,le,1910,1908,1990,True,Vocational training
2922,ab,1908,1905,1990,True,Employed
2925,ab,1908,1907,1985,False,Employed
2925,ne,1907,1905,1985,False,Not employed
2925,ne,1905,1901,1985,False,Not employed
2925,al,1901,1900,1985,False,Unemployed
2934,le,1924,1921,1990,True,Vocational training
2934,ab,1921,1919,1990,True,Employed
2934,wz,1919,1917,1990,True,Military/Civil service
2934,ab,1917,1912,1990,True,Employed
2934,ab,1912,1908,1990,True,Employed
2934,ab,1908,1906,1990,True,Employed
2934,se,1906,1905,1990,True,Self-employed
2936,ab,1924,1910,1990,True,Employed
2936,ab,1910,1909,1990,True,Employed
2936,ab,1909,1905,1990,True,Employed
2943,wz,1946,1945,1990,True,Military/Civil service
2943,ab,1945,1935,1990,True,Employed
2943,ab,1935,1905,1990,True,Employed
2947,le,1922,1919,1990,True,Vocational training
2947,ab,1919,1916,1990,True,Employed
2947,al,1916,1915,1990,True,Unemployed
2947,ne,1915,1909,1990,True,Not employed
2947,ab,1909,1905,1990,True,Employed
2948,le,1948,1946,1990,True,Vocational training
2948,wz,1946,1945,1990,True,Military/Civil service
2948,le,1945,1942,1990,True,Vocational training
2948,ab,1942,1905,1990,True,Employed
2956,ab,1910,1905,1990,True,Employed
2960,ab,1914,1911,1990,False,Employed
2960,ne,1911,1910,1990,False,Not employed
2960,ab,1910,1909,1990,False,Employed
2960,ne,1909,1906,1990,False,Not employed
2960,ab,1906,1905,1990,False,Employed
2966,le,1914,1912,1990,True,Vocational training
2966,ab,1912,1909,1990,True,Employed
2966,ab,1909,1907,1990,True,Employed
2966,ab,1907,1906,1990,True,Employed
2966,se,1906,1905,1990,True,Self-employed
2969,le,1943,1940,1990,True,Vocational training
2969,ab,1940,1935,1990,True,Employed
2969,se,1935,1905,1990,True,Self-employed
2974,ab,1938,1935,1990,True,Employed
2974,ab,1935,1932,1990,True,Employed
2974,ne,1932,1905,1990,True,Not employed
2977,ab,1934,1921,1989,False,Employed
2977,ab,1921,1904,1989,False,Employed
2980,ab,1920,1919,1990,True,Employed
2980,le,1919,1917,1990,True,Vocational training
2980,ab,1917,1910,1990,True,Employed
2980,ne,1910,1904,1990,True,Not employed
2981,ne,1908,1906,1990,True,Not employed
2981,al,1906,1905,1990,True,Unemployed
2981,ab,1905,1903,1990,True,Employed
2982,ne,1915,1913,1990,True,Not employed
2982,se,1913,1904,1990,True,Self-employed
2988,le,1914,1912,1990,True,Vocational training
2988,ab,1912,1905,1990,True,Employed
2988,se,1905,1904,1990,True,Self-employed
2989,ab,1940,1904,1990,True,Employed
3001,le,1924,1921,1990,True,Vocational training
3001,ab,1921,1904,1990,True,Employed
3003,ab,1934,1922,1990,True,Employed
3003,ab,1922,1908,1990,True,Employed
3003,ne,1908,1904,1990,True,Not employed
3012,ab,1915,1905,1990,True,Employed
3012,ab,1905,1904,1990,True,Employed
3013,le,1913,1910,1990,True,Vocational training
3013,ab,1910,1905,1990,True,Employed
3021,le,1927,1924,1990,True,Vocational training
3021,le,1924,1921,1990,True,Vocational training
3021,ab,1921,1915,1990,True,Employed
3021,se,1915,1913,1990,True,Self-employed
3021,ab,1913,1904,1990,True,Employed
3022,wz,1911,1909,1990,True,Military/Civil service
3022,ne,1909,1905,1990,True,Not employed
3022,ne,1905,1904,1990,True,Not employed
3026,le,1928,1925,1990,True,Vocational training
3026,ab,1925,1915,1990,True,Employed
3026,le,1915,1913,1990,True,Vocational training
3026,ab,1913,1904,1990,True,Employed
3050,le,1945,1942,1990,True,Vocational training
3050,ab,1942,1940,1990,True,Employed
3050,le,1940,1938,1990,True,Vocational training
3050,ab,1938,1906,1990,True,Employed
3050,al,1906,1904,1990,True,Unemployed
3051,le,1931,1929,1990,True,Vocational training
3051,ab,1929,1923,1990,True,Employed
3051,ne,1923,1921,1990,True,Not employed
3051,ab,1921,1911,1990,True,Employed
3051,se,1911,1904,1990,True,Self-employed
3062,le,1911,1908,1990,True,Vocational training
3062,al,1908,1907,1990,True,Unemployed
3062,se,1907,1904,1990,True,Self-employed
3064,ab,1914,1910,1989,False,Employed
3064,ab,1910,1908,1989,False,Employed
3064,ab,1908,1907,1989,False,Employed
3064,ab,1907,1905,1989,False,Employed
3064,ab,1905,1903,1989,False,Employed
3070,le,1934,1932,1990,True,Vocational training
3070,ne,1932,1904,1990,True,Not employed
3072,ab,1925,1905,1990,True,Employed
3072,ne,1905,1904,1990,True,Not employed
3073,le,1940,1938,1990,True,Vocational training
3073,ne,1938,1920,1990,True,Not employed
3073,ab,1920,1901,1990,True,Employed
3077,wz,1927,1925,1990,True,Military/Civil service
3077,ab,1925,1919,1990,True,Employed
3077,se,1919,1915,1990,True,Self-employed
3077,ab,1915,1904,1990,True,Employed
3078,le,1911,1908,1990,True,Vocational training
3078,ab,1908,1907,1990,True,Employed
3078,ne,1907,1904,1990,True,Not employed
3095,se,1917,1914,1990,True,Self-employed
3095,ab,1914,1913,1990,True,Employed
3095,ab,1913,1912,1990,True,Employed
3095,ab,1912,1904,1990,True,Employed
3101,le,1920,1917,1990,True,Vocational training
3101,se,1917,1904,1990,True,Self-employed
3105,ne,1920,1914,1990,True,Not employed
3105,se,1914,1912,1990,True,Self-employed
3105,se,1912,1908,1990,True,Self-employed
3105,ab,1908,1906,1990,True,Employed
3105,ab,1906,1905,1990,True,Employed
3105,al,1905,1904,1990,True,Unemployed
3124,ab,1915,1913,1989,False,Employed
3124,se,1913,1911,1989,False,Self-employed
3124,ab,1911,1910,1989,False,Employed
3124,ne,1910,1908,1989,False,Not employed
3124,se,1908,1905,1989,False,Self-employed
3124,ab,1905,1903,1989,False,Employed
3127,ne,1918,1905,1990,True,Not employed
3130,wz,1928,1926,1990,True,Military/Civil service
3130,ab,1926,1921,1990,True,Employed
3130,ab,1921,1916,1990,True,Employed
3130,al,1916,1915,1990,True,Unemployed
3130,ab,1915,1910,1990,True,Employed
3130,se,1910,1905,1990,True,Self-employed
3132,se,1908,1905,1990,True,Self-employed
3136,le,1936,1933,1990,True,Vocational training
3136,ab,1933,1932,1990,True,Employed
3136,wz,1932,1929,1990,True,Military/Civil service
3136,ab,1929,1915,1990,True,Employed
3136,se,1915,1905,1990,True,Self-employed
3138,ne,1955,1946,1990,True,Not employed
3138,ne,1946,1925,1990,True,Not employed
3138,ab,1925,1905,1990,True,Employed
3139,ab,1932,1922,1990,True,Employed
3139,ne,1922,1905,1990,True,Not employed
3141,le,1914,1911,1990,True,Vocational training
3141,ab,1911,1909,1990,True,Employed
3141,ne,1909,1907,1990,True,Not employed
3141,wz,1907,1905,1990,True,Military/Civil service
3144,le,1923,1920,1990,True,Vocational training
3144,ab,1920,1917,1990,True,Employed
3144,wz,1917,1916,1990,True,Military/Civil service
3144,ab,1916,1909,1990,True,Employed
3144,ab,1909,1908,1990,True,Employed
3144,se,1908,1905,1990,True,Self-employed
3146,le,1930,1926,1990,True,Vocational training
3146,wz,1926,1924,1990,True,Military/Civil service
3146,ab,1924,1923,1990,True,Employed
3146,le,1923,1922,1990,True,Vocational training
3146,ab,1922,1921,1990,True,Employed
3146,se,1921,1905,1990,True,Self-employed
3160,ab,1908,1905,1990,True,Employed
3163,ab,1922,1920,1990,True,Employed
3163,wz,1920,1919,1990,True,Military/Civil service
3163,ab,1919,1912,1990,True,Employed
3163,se,1912,1905,1990,True,Self-employed
3167,le,1924,1920,1986,False,Vocational training
3167,ab,1920,1908,1986,False,Employed
3167,se,1908,1906,1986,False,Self-employed
3167,ab,1906,1902,1986,False,Employed
3167,se,1902,1900,1986,False,Self-employed
3170,le,1924,1921,1990,True,Vocational training
3170,ab,1921,1919,1990,True,Employed
3170,ab,1919,1904,1990,True,Employed
3172,le,1928,1925,1990,True,Vocational training
3172,ab,1925,1906,1990,True,Employed
3179,le,1937,1934,1990,True,Vocational training
3179,ab,1934,1933,1990,True,Employed
3179,wz,1933,1932,1990,True,Military/Civil service
3179,ab,1932,1923,1990,True,Employed
3179,se,1923,1905,1990,True,Self-employed
3192,le,1910,1905,1990,True,Vocational training
3192,ab,1905,1904,1990,True,Employed
3197,le,1926,1925,1989,False,Vocational training
3197,ab,1925,1923,1989,False,Employed
3197,ne,1923,1922,1989,False,Not employed
3197,ab,1922,1919,1989,False,Employed
3197,ab,1919,1903,1989,False,Employed
3199,se,1918,1908,1990,True,Self-employed
3199,ab,1908,1904,1990,True,Employed
3208,se,1934,1904,1990,True,Self-employed
3209,le,1918,1915,1990,True,Vocational training
3209,ab,1915,1911,1990,True,Employed
3209,ab,1911,1910,1990,True,Employed
3209,ab,1910,1904,1990,True,Employed
3212,ne,1905,1904,1990,True,Not employed
3217,le,1917,1913,1990,True,Vocational training
3217,ab,1913,1911,1990,True,Employed
3217,le,1911,1909,1990,True,Vocational training
3217,al,1909,1908,1990,True,Unemployed
3217,se,1908,1904,1990,True,Self-employed
3226,le,1930,1928,1990,True,Vocational training
3226,ne,1928,1913,1990,True,Not employed
3226,ab,1913,1904,1990,True,Employed
3227,ab,1931,1925,1990,True,Employed
3227,ab,1925,1904,1990,True,Employed
3243,le,1937,1929,1990,True,Vocational training
3243,ab,1929,1918,1990,True,Employed
3243,ab,1918,1904,1990,True,Employed
3247,se,1919,1904,1990,True,Self-employed
3248,se,1917,1910,1990,True,Self-employed
3248,se,1910,1908,1990,True,Self-employed
3248,se,1908,1903,1990,True,Self-employed
3249,le,1908,1905,1990,True,Vocational training
3250,le,1921,1919,1990,True,Vocational training
3250,le,1919,1917,1990,True,Vocational training
3250,ab,1917,1905,1990,True,Employed
3254,le,1933,1931,1990,True,Vocational training
3254,ab,1931,1929,1990,True,Employed
3254,wz,1929,1927,1990,True,Military/Civil service
3254,ab,1927,1918,1990,True,Employed
3254,ab,1918,1905,1990,True,Employed
3255,se,1917,1905,1990,True,Self-employed
3257,le,1933,1930,1990,True,Vocational training
3257,ne,1930,1927,1990,True,Not employed
3257,se,1927,1911,1990,True,Self-employed
3257,ab,1911,1905,1990,True,Employed
3258,se,1917,1905,1990,True,Self-employed
3262,ab,1910,1909,1990,True,Employed
3262,ab,1909,1906,1990,True,Employed
3262,ab,1906,1905,1990,True,Employed
3263,ab,1946,1939,1990,True,Employed
3263,ab,1939,1938,1990,True,Employed
3263,se,1938,1904,1990,True,Self-employed
3270,le,1934,1931,1990,True,Vocational training
3270,ab,1931,1930,1990,True,Employed
3270,ab,1930,1929,1990,True,Employed
3270,se,1929,1905,1990,True,Self-employed
3272,le,1914,1912,1990,True,Vocational training
3272,ab,1912,1910,1990,True,Employed
3272,se,1910,1904,1990,True,Self-employed
3273,ab,1934,1924,1990,True,Employed
3273,ne,1924,1922,1990,True,Not employed
3273,ab,1922,1916,1990,True,Employed
3273,ne,1916,1915,1990,True,Not employed
3273,se,1915,1905,1990,True,Self-employed
3274,ne,1928,1926,1987,False,Not employed
3274,le,1926,1923,1987,False,Vocational training
3274,ab,1923,1920,1987,False,Employed
3274,ab,1920,1907,1987,False,Employed
3274,se,1907,1901,1987,False,Self-employed
3276,le,1918,1916,1990,True,Vocational training
3276,ab,1916,1910,1990,True,Employed
3276,se,1910,1904,1990,True,Self-employed
3277,ne,1904,1903,1986,False,Not employed
3277,se,1903,1902,1986,False,Self-employed
3277,ab,1902,1901,1986,False,Employed
3281,le,1909,1907,1990,True,Vocational training
3281,ne,1907,1904,1990,True,Not employed
3282,se,1939,1901,1987,False,Self-employed
3283,le,1920,1917,1990,True,Vocational training
3283,ab,1917,1904,1990,True,Employed
3285,le,1918,1915,1990,True,Vocational training
3285,le,1915,1913,1990,True,Vocational training
3285,wz,1913,1911,1990,True,Military/Civil service
3285,ab,1911,1903,1990,True,Employed
3290,le,1918,1915,1990,True,Vocational training
3290,ab,1915,1912,1990,True,Employed
3290,se,1912,1908,1990,True,Self-employed
3290,se,1908,1905,1990,True,Self-employed
3295,le,1916,1913,1990,True,Vocational training
3295,ne,1913,1908,1990,True,Not employed
3295,ne,1908,1905,1990,True,Not employed
3295,ab,1905,1904,1990,True,Employed
3301,ne,1915,1913,1987,False,Not employed
3301,ab,1913,1912,1987,False,Employed
3301,ne,1912,1910,1987,False,Not employed
3301,ab,1910,1909,1987,False,Employed
3301,ab,1909,1903,1987,False,Employed
3301,ab,1903,1901,1987,False,Employed
3305,le,1916,1915,1990,True,Vocational training
3305,ab,1915,1913,1990,True,Employed
3305,se,1913,1904,1990,True,Self-employed
3306,ab,1921,1913,1989,False,Employed
3306,ab,1913,1905,1989,False,Employed
3306,se,1905,1903,1989,False,Self-employed
3307,se,1933,1905,1990,True,Self-employed
3309,ab,1924,1922,1990,True,Employed
3309,ab,1922,1919,1990,True,Employed
3309,se,1919,1904,1990,True,Self-employed
3311,le,1938,1935,1989,False,Vocational training
3311,ab,1935,1928,1989,False,Employed
3311,ne,1928,1919,1989,False,Not employed
3311,se,1919,1903,1989,False,Self-employed
3321,le,1911,1910,1989,False,Vocational training
3321,le,1910,1909,1989,False,Vocational training
3321,ab,1909,1904,1989,False,Employed
3327,le,1913,1910,1990,True,Vocational training
3327,ab,1910,1907,1990,True,Employed
3327,wz,1907,1905,1990,True,Military/Civil service
3329,ab,1910,1907,1990,True,Employed
3329,ab,1907,1905,1990,True,Employed
3334,le,1922,1919,1990,True,Vocational training
3334,ab,1919,1905,1990,True,Employed
3336,le,1915,1912,1990,True,Vocational training
3336,wz,1912,1911,1990,True,Military/Civil service
3336,ab,1911,1905,1990,True,Employed
3337,le,1934,1931,1990,True,Vocational training
3337,ab,1931,1929,1990,True,Employed
3337,ab,1929,1917,1990,True,Employed
3337,se,1917,1905,1990,True,Self-employed
3345,ab,1922,1905,1990,True,Employed
3350,ab,1917,1915,1990,True,Employed
3350,ab,1915,1911,1990,True,Employed
3350,se,1911,1910,1990,True,Self-employed
3350,se,1910,1905,1990,True,Self-employed
3352,ne,1918,1914,1990,True,Not employed
3352,ab,1914,1909,1990,True,Employed
3352,ab,1909,1905,1990,True,Employed
3353,le,1913,1910,1990,True,Vocational training
3353,wz,1910,1909,1990,True,Military/Civil service
3353,ab,1909,1905,1990,True,Employed
3353,ab,1905,1904,1990,True,Employed
3354,wz,1908,1906,1990,True,Military/Civil service
3354,le,1906,1904,1990,True,Vocational training
3355,le,1931,1928,1990,True,Vocational training
3355,ab,1928,1925,1990,True,Employed
3355,se,1925,1904,1990,True,Self-employed
3356,le,1914,1912,1990,True,Vocational training
3356,ab,1912,1908,1990,True,Employed
3356,ab,1908,1904,1990,True,Employed
3358,se,1933,1905,1990,True,Self-employed
3360,le,1911,1908,1990,True,Vocational training
3360,wz,1908,1907,1990,True,Military/Civil service
3360,se,1907,1904,1990,True,Self-employed
3362,le,1914,1911,1990,True,Vocational training
3362,ab,1911,1907,1990,True,Employed
3362,ab,1907,1904,1990,True,Employed
3363,le,1941,1938,1990,True,Vocational training
3363,ab,1938,1937,1990,True,Employed
3363,ne,1937,1931,1990,True,Not employed
3363,ab,1931,1903,1990,True,Employed
3364,le,1941,1938,1990,True,Vocational training
3364,ab,1938,1932,1990,True,Employed
3364,se,1932,1904,1990,True,Self-employed
3366,le,1922,1920,1990,True,Vocational training
3366,le,1920,1918,1990,True,Vocational training
3366,ne,1918,1915,1990,True,Not employed
3366,ab,1915,1913,1990,True,Employed
3366,ne,1913,1909,1990,True,Not employed
3366,ab,1909,1904,1990,True,Employed
3367,le,1918,1915,1990,True,Vocational training
3367,ab,1915,1904,1990,True,Employed
3369,le,1934,1931,1990,True,Vocational training
3369,ne,1931,1912,1990,True,Not employed
3369,se,1912,1903,1990,True,Self-employed
3372,le,1915,1913,1990,True,Vocational training
3372,ab,1913,1908,1990,True,Employed
3372,ne,1908,1906,1990,True,Not employed
3372,ab,1906,1905,1990,True,Employed
3373,le,1954,1952,1990,True,Vocational training
3373,ne,1952,1951,1990,True,Not employed
3373,wz,1951,1945,1990,True,Military/Civil service
3373,ab,1945,1926,1990,True,Employed
3373,se,1926,1905,1990,True,Self-employed
3374,ab,1918,1916,1990,True,Employed
3374,se,1916,1905,1990,True,Self-employed
3375,le,1915,1912,1990,True,Vocational training
3375,ab,1912,1908,1990,True,Employed
3375,se,1908,1905,1990,True,Self-employed
3379,le,1937,1934,1990,True,Vocational training
3379,ne,1934,1922,1990,True,Not employed
3379,se,1922,1905,1990,True,Self-employed
3383,se,1912,1905,1990,True,Self-employed
3385,ab,1916,1905,1990,True,Employed
3387,ab,1936,1934,1990,True,Employed
3387,se,1934,1904,1990,True,Self-employed
3388,ab,1913,1905,1990,True,Employed
3389,ab,1920,1907,1990,True,Employed
3389,ne,1907,1904,1990,True,Not employed
3392,le,1928,1925,1988,False,Vocational training
3392,ab,1925,1922,1988,False,Employed
3392,se,1922,1913,1988,False,Self-employed
3392,se,1913,1902,1988,False,Self-employed
3396,le,1925,1922,1988,False,Vocational training
3396,ab,1922,1918,1988,False,Employed
3396,ab,1918,1913,1988,False,Employed
3396,se,1913,1907,1988,False,Self-employed
3396,se,1907,1902,1988,False,Self-employed
3399,le,1936,1933,1990,True,Vocational training
3399,ab,1933,1918,1990,True,Employed
3399,se,1918,1904,1990,True,Self-employed
3401,le,1927,1924,1990,True,Vocational training
3401,ab,1924,1906,1990,True,Employed
3401,se,1906,1904,1990,True,Self-employed
3405,le,1939,1936,1990,True,Vocational training
3405,ab,1936,1904,1990,True,Employed
3406,se,1937,1904,1990,True,Self-employed
3408,le,1926,1923,1990,True,Vocational training
3408,ab,1923,1916,1990,True,Employed
3408,se,1916,1904,1990,True,Self-employed
3409,ab,1928,1904,1990,True,Employed
3411,le,1938,1935,1990,True,Vocational training
3411,ab,1935,1932,1990,True,Employed
3411,ab,1932,1928,1990,True,Employed
3411,ab,1928,1925,1990,True,Employed
3411,se,1925,1904,1990,True,Self-employed
3413,le,1924,1921,1990,True,Vocational training
3413,ab,1921,1904,1990,True,Employed
3414,le,1904,1901,1987,False,Vocational training
3417,le,1908,1906,1987,False,Vocational training
3417,ab,1906,1905,1987,False,Employed
3417,ab,1905,1902,1987,False,Employed
3417,al,1902,1901,1987,False,Unemployed
3418,le,1928,1925,1990,True,Vocational training
3418,ab,1925,1913,1990,True,Employed
3418,ne,1913,1904,1990,True,Not employed
3419,le,1923,1920,1987,False,Vocational training
3419,ab,1920,1902,1987,False,Employed
3419,se,1902,1901,1987,False,Self-employed
3421,ab,1911,1910,1990,True,Employed
3421,ab,1910,1904,1990,True,Employed
3422,le,1913,1910,1990,True,Vocational training
3422,wz,1910,1908,1990,True,Military/Civil service
3422,ab,1908,1906,1990,True,Employed
3422,ab,1906,1905,1990,True,Employed
3425,le,1937,1935,1990,True,Vocational training
3425,ab,1935,1928,1990,True,Employed
3425,se,1928,1925,1990,True,Self-employed
3425,se,1925,1905,1990,True,Self-employed
3426,le,1924,1919,1990,True,Vocational training
3426,ab,1919,1917,1990,True,Employed
3426,le,1917,1914,1990,True,Vocational training
3426,se,1914,1908,1990,True,Self-employed
3426,ab,1908,1906,1990,True,Employed
3426,le,1906,1905,1990,True,Vocational training
3429,le,1924,1922,1990,True,Vocational training
3429,ab,1922,1919,1990,True,Employed
3429,le,1919,1915,1990,True,Vocational training
3429,ab,1915,1910,1990,True,Employed
3429,ab,1910,1904,1990,True,Employed
3431,le,1909,1907,1990,True,Vocational training
3431,ab,1907,1904,1990,True,Employed
3432,ab,1916,1913,1989,False,Employed
3432,ne,1913,1911,1989,False,Not employed
3432,ne,1911,1903,1989,False,Not employed
3436,wz,1902,1901,1985,False,Military/Civil service
3436,ne,1901,1900,1985,False,Not employed
3440,le,1921,1918,1985,False,Vocational training
3440,wz,1918,1917,1985,False,Military/Civil service
3440,ab,1917,1904,1985,False,Employed
3440,se,1904,1900,1985,False,Self-employed
3441,le,1911,1908,1987,False,Vocational training
3441,ab,1908,1907,1987,False,Employed
3441,ab,1907,1902,1987,False,Employed
3442,le,1937,1935,1990,True,Vocational training
3442,ab,1935,1927,1990,True,Employed
3442,ne,1927,1921,1990,True,Not employed
3442,ab,1921,1906,1990,True,Employed
3443,le,1908,1905,1987,False,Vocational training
3443,ab,1905,1904,1987,False,Employed
3443,ab,1904,1902,1987,False,Employed
3444,ab,1912,1910,1990,True,Employed
3444,ne,1910,1905,1990,True,Not employed
3445,se,1921,1903,1988,False,Self-employed
3447,ab,1919,1904,1990,True,Employed
3449,ne,1938,1935,1986,False,Not employed
3449,ab,1935,1934,1986,False,Employed
3449,se,1934,1904,1986,False,Self-employed
3449,ne,1904,1900,1986,False,Not employed
3451,le,1920,1918,1986,False,Vocational training
3451,ab,1918,1917,1986,False,Employed
3451,se,1917,1916,1986,False,Self-employed
3451,ne,1916,1900,1986,False,Not employed
3453,le,1909,1906,1987,False,Vocational training
3453,ab,1906,1905,1987,False,Employed
3453,ne,1905,1903,1987,False,Not employed
3453,ab,1903,1901,1987,False,Employed
3461,le,1934,1932,1990,True,Vocational training
3461,ab,1932,1921,1990,True,Employed
3461,ab,1921,1904,1990,True,Employed
3463,ab,1930,1904,1990,True,Employed
3464,ab,1928,1924,1987,False,Employed
3464,ab,1924,1922,1987,False,Employed
3464,ne,1922,1917,1987,False,Not employed
3464,ab,1917,1913,1987,False,Employed
3464,se,1913,1901,1987,False,Self-employed
3466,le,1945,1941,1990,True,Vocational training
3466,ab,1941,1926,1990,True,Employed
3467,ab,1919,1918,1990,True,Employed
3467,le,1918,1917,1990,True,Vocational training
3467,ab,1917,1916,1990,True,Employed
3467,ab,1916,1904,1990,True,Employed
3469,le,1915,1912,1990,True,Vocational training
3469,ab,1912,1905,1990,True,Employed
3470,le,1912,1909,1989,False,Vocational training
3470,ab,1909,1908,1989,False,Employed
3470,wz,1908,1906,1989,False,Military/Civil service
3470,se,1906,1905,1989,False,Self-employed
3470,ab,1905,1903,1989,False,Employed
3472,wz,1917,1915,1990,True,Military/Civil service
3472,le,1915,1913,1990,True,Vocational training
3472,le,1913,1910,1990,True,Vocational training
3472,ab,1910,1905,1990,True,Employed
3475,ab,1911,1909,1990,True,Employed
3475,se,1909,1908,1990,True,Self-employed
3475,ab,1908,1907,1990,True,Employed
3475,ab,1907,1905,1990,True,Employed
3477,ne,1926,1922,1990,True,Not employed
3477,ab,1922,1912,1990,True,Employed
3477,ab,1912,1904,1990,True,Employed
3482,le,1928,1924,1990,True,Vocational training
3482,ab,1924,1916,1990,True,Employed
3487,ne,1908,1904,1990,True,Not employed
3489,ne,1914,1913,1990,True,Not employed
3489,le,1913,1911,1990,True,Vocational training
3489,ab,1911,1909,1990,True,Employed
3489,ne,1909,1904,1990,True,Not employed
3491,le,1910,1908,1990,True,Vocational training
3491,ab,1908,1906,1990,True,Employed
3491,wz,1906,1905,1990,True,Military/Civil service
3493,le,1917,1914,1990,True,Vocational training
3493,ab,1914,1912,1990,True,Employed
3493,wz,1912,1911,1990,True,Military/Civil service
3493,ab,1911,1905,1990,True,Employed
3498,le,1929,1926,1990,True,Vocational training
3498,ab,1926,1906,1990,True,Employed
3498,se,1906,1905,1990,True,Self-employed
3499,ab,1924,1915,1990,True,Employed
3499,al,1915,1914,1990,True,Unemployed
3499,se,1914,1912,1990,True,Self-employed
3499,ne,1912,1909,1990,True,Not employed
3499,se,1909,1905,1990,True,Self-employed
3504,le,1917,1914,1990,True,Vocational training
3504,ab,1914,1905,1990,True,Employed
3505,le,1922,1919,1990,True,Vocational training
3505,ab,1919,1916,1990,True,Employed
3505,wz,1916,1914,1990,True,Military/Civil service
3505,ab,1914,1905,1990,True,Employed
3506,ab,1911,1905,1990,True,Employed
3506,ne,1905,1904,1990,True,Not employed
3506,se,1904,1903,1990,True,Self-employed
3507,le,1915,1913,1990,True,Vocational training
3507,wz,1913,1911,1990,True,Military/Civil service
3507,le,1911,1909,1990,True,Vocational training
3507,ne,1909,1904,1990,True,Not employed
3515,le,1907,1904,1990,True,Vocational training
3517,ab,1920,1904,1990,True,Employed
3518,le,1908,1905,1990,True,Vocational training
3518,le,1905,1904,1990,True,Vocational training
3519,le,1921,1918,1990,True,Vocational training
3519,ab,1918,1917,1990,True,Employed
3519,ne,1917,1912,1990,True,Not employed
3519,ne,1912,1905,1990,True,Not employed
3519,ab,1905,1904,1990,True,Employed
3522,le,1911,1908,1990,True,Vocational training
3522,ab,1908,1904,1990,True,Employed
3523,le,1910,1907,1990,True,Vocational training
3523,ab,1907,1906,1990,True,Employed
3523,le,1906,1905,1990,True,Vocational training
3523,ab,1905,1904,1990,True,Employed
3525,le,1923,1920,1990,True,Vocational training
3525,ab,1920,1919,1990,True,Employed
3525,ne,1919,1918,1990,True,Not employed
3525,le,1918,1914,1990,True,Vocational training
3525,se,1914,1904,1990,True,Self-employed
3530,ab,1926,1920,1990,True,Employed
3530,se,1920,1915,1990,True,Self-employed
3530,se,1915,1904,1990,True,Self-employed
3531,le,1946,1944,1990,True,Vocational training
3531,ne,1944,1904,1990,True,Not employed
3532,se,1941,1904,1990,True,Self-employed
3537,le,1930,1927,1985,False,Vocational training
3537,ab,1927,1924,1985,False,Employed
3537,ab,1924,1921,1985,False,Employed
3537,ne,1921,1920,1985,False,Not employed
3537,ne,1920,1919,1985,False,Not employed
3537,ab,1919,1918,1985,False,Employed
3537,se,1918,1904,1985,False,Self-employed
3537,ne,1904,1900,1985,False,Not employed
3538,ab,1907,1905,1990,True,Employed
3538,al,1905,1904,1990,True,Unemployed
3539,le,1932,1928,1990,True,Vocational training
3539,ab,1928,1908,1990,True,Employed
3539,se,1908,1905,1990,True,Self-employed
3542,le,1929,1927,1988,False,Vocational training
3542,le,1927,1925,1988,False,Vocational training
3542,ab,1925,1920,1988,False,Employed
3542,se,1920,1910,1988,False,Self-employed
3542,se,1910,1903,1988,False,Self-employed
3543,le,1924,1921,1990,True,Vocational training
3543,ab,1921,1919,1990,True,Employed
3543,ab,1919,1915,1990,True,Employed
3543,ab,1915,1905,1990,True,Employed
3548,le,1932,1929,1990,True,Vocational training
3548,ab,1929,1927,1990,True,Employed
3548,ab,1927,1925,1990,True,Employed
3548,ab,1925,1905,1990,True,Employed
3551,le,1930,1927,1985,False,Vocational training
3551,ab,1927,1921,1985,False,Employed
3551,le,1921,1919,1985,False,Vocational training
3551,ab,1919,1900,1985,False,Employed
3555,ab,1916,1902,1990,True,Employed
3555,al,1902,1901,1990,True,Unemployed
3560,le,1931,1927,1990,True,Vocational training
3560,wz,1927,1924,1990,True,Military/Civil service
3560,ab,1924,1920,1990,True,Employed
3560,ab,1920,1905,1990,True,Employed
3561,le,1931,1928,1988,False,Vocational training
3561,ab,1928,1908,1988,False,Employed
3561,se,1908,1903,1988,False,Self-employed
3562,ab,1916,1905,1990,True,Employed
3563,ab,1912,1901,1987,False,Employed
3566,le,1924,1920,1987,False,Vocational training
3566,ab,1920,1918,1987,False,Employed
3566,se,1918,1901,1987,False,Self-employed
3568,le,1920,1917,1990,True,Vocational training
3568,ne,1917,1915,1990,True,Not employed
3568,wz,1915,1914,1990,True,Military/Civil service
3568,ab,1914,1911,1990,True,Employed
3568,ab,1911,1908,1990,True,Employed
3568,ab,1908,1905,1990,True,Employed
3569,ab,1931,1926,1990,True,Employed
3569,se,1926,1904,1990,True,Self-employed
3570,le,1927,1925,1988,False,Vocational training
3570,wz,1925,1923,1988,False,Military/Civil service
3570,ab,1923,1917,1988,False,Employed
3570,ab,1917,1908,1988,False,Employed
3570,ab,1908,1903,1988,False,Employed
3570,se,1903,1902,1988,False,Self-employed
3571,le,1928,1925,1990,True,Vocational training
3571,ab,1925,1904,1990,True,Employed
3572,ab,1930,1929,1990,True,Employed
3572,ab,1929,1922,1990,True,Employed
3572,ab,1922,1918,1990,True,Employed
3572,se,1918,1915,1990,True,Self-employed
3572,ab,1915,1906,1990,True,Employed
3572,se,1906,1904,1990,True,Self-employed
3574,ab,1916,1912,1990,True,Employed
3574,se,1912,1904,1990,True,Self-employed
3575,le,1926,1924,1990,True,Vocational training
3575,wz,1924,1922,1990,True,Military/Civil service
3575,ab,1922,1917,1990,True,Employed
3575,ab,1917,1904,1990,True,Employed
3576,le,1945,1942,1990,True,Vocational training
3576,se,1942,1905,1990,True,Self-employed
3577,le,1930,1929,1990,True,Vocational training
3577,ab,1929,1925,1990,True,Employed
3577,ne,1925,1907,1990,True,Not employed
3577,se,1907,1905,1990,True,Self-employed
3578,se,1922,1905,1990,True,Self-employed
3579,ab,1921,1917,1990,True,Employed
3579,ab,1917,1907,1990,True,Employed
3579,ab,1907,1905,1990,True,Employed
3582,le,1918,1915,1990,True,Vocational training
3582,ab,1915,1911,1990,True,Employed
3582,ab,1911,1910,1990,True,Employed
3582,ab,1910,1906,1990,True,Employed
3582,ab,1906,1905,1990,True,Employed
3584,le,1924,1922,1990,True,Vocational training
3584,ab,1922,1905,1990,True,Employed
3586,ab,1912,1907,1990,True,Employed
3586,ab,1907,1905,1990,True,Employed
3587,ab,1930,1924,1990,True,Employed
3587,ab,1924,1921,1990,True,Employed
3587,ab,1921,1905,1990,True,Employed
3589,ne,1913,1910,1990,True,Not employed
3589,ne,1910,1907,1990,True,Not employed
3589,se,1907,1906,1990,True,Self-employed
3589,wz,1906,1905,1990,True,Military/Civil service
3592,ab,1923,1914,1990,True,Employed
3592,ab,1914,1908,1990,True,Employed
3592,se,1908,1905,1990,True,Self-employed
3596,se,1915,1905,1990,True,Self-employed
3598,ab,1915,1913,1990,True,Employed
3598,ab,1913,1911,1990,True,Employed
3598,se,1911,1905,1990,True,Self-employed
3600,ab,1923,1907,1990,True,Employed
3600,se,1907,1905,1990,True,Self-employed
3602,ab,1914,1910,1990,True,Employed
3602,se,1910,1905,1990,True,Self-employed
3605,ab,1928,1923,1990,True,Employed
3605,se,1923,1905,1990,True,Self-employed
3606,ab,1912,1905,1990,True,Employed
3607,le,1916,1911,1990,True,Vocational training
3607,ab,1911,1909,1990,True,Employed
3607,se,1909,1905,1990,True,Self-employed
3610,ne,1923,1918,1990,True,Not employed
3610,ab,1918,1905,1990,True,Employed
3614,ab,1931,1928,1990,True,Employed
3614,ab,1928,1925,1990,True,Employed
3614,ab,1925,1917,1990,True,Employed
3614,se,1917,1905,1990,True,Self-employed
3615,le,1930,1927,1990,True,Vocational training
3615,ab,1927,1923,1990,True,Employed
3615,se,1923,1922,1990,True,Self-employed
3615,se,1922,1921,1990,True,Self-employed
3615,se,1921,1920,1990,True,Self-employed
3615,se,1920,1919,1990,True,Self-employed
3615,se,1919,1918,1990,True,Self-employed
3615,se,1918,1917,1990,True,Self-employed
3615,se,1917,1916,1990,True,Self-employed
3615,se,1916,1915,1990,True,Self-employed
3615,se,1915,1914,1990,True,Self-employed
3615,se,1914,1913,1990,True,Self-employed
3615,se,1913,1912,1990,True,Self-employed
3615,se,1912,1911,1990,True,Self-employed
3615,se,1911,1910,1990,True,Self-employed
3615,se,1910,1909,1990,True,Self-employed
3615,se,1909,1908,1990,True,Self-employed
3617,ab,1928,1917,1990,True,Employed
3617,ab,1917,1905,1990,True,Employed
3621,ab,1915,1908,1990,True,Employed
3621,ab,1908,1906,1990,True,Employed
3621,ne,1906,1905,1990,True,Not employed
3628,ab,1920,1918,1990,True,Employed
3628,se,1918,1905,1990,True,Self-employed
3633,ab,1908,1905,1990,True,Employed
3636,se,1920,1914,1990,True,Self-employed
3636,se,1914,1905,1990,True,Self-employed
3638,ab,1908,1906,1990,True,Employed
3638,se,1906,1905,1990,True,Self-employed
3639,se,1910,1905,1990,True,Self-employed
3640,ab,1911,1905,1990,True,Employed
3641,le,1930,1928,1990,True,Vocational training
3641,ab,1928,1921,1990,True,Employed
3641,se,1921,1917,1990,True,Self-employed
3641,se,1917,1908,1990,True,Self-employed
3641,se,1908,1905,1990,True,Self-employed
3642,ab,1931,1925,1990,True,Employed
3642,se,1925,1918,1990,True,Self-employed
3642,se,1918,1905,1990,True,Self-employed
3645,se,1936,1903,1988,False,Self-employed
3649,ab,1914,1910,1990,True,Employed
3649,ab,1910,1908,1990,True,Employed
3649,ab,1908,1906,1990,True,Employed
3649,se,1906,1905,1990,True,Self-employed
3656,le,1915,1911,1990,True,Vocational training
3656,ab,1911,1908,1990,True,Employed
3656,se,1908,1907,1990,True,Self-employed
3656,se,1907,1905,1990,True,Self-employed
3657,ab,1930,1923,1990,True,Employed
3657,se,1923,1905,1990,True,Self-employed
3660,le,1934,1931,1990,True,Vocational training
3660,ab,1931,1928,1990,True,Employed
3660,ab,1928,1907,1990,True,Employed
3662,se,1922,1905,1990,True,Self-employed
3667,wz,1918,1916,1990,True,Military/Civil service
3667,ne,1916,1913,1990,True,Not employed
3667,wz,1913,1907,1990,True,Military/Civil service
3667,le,1907,1906,1990,True,Vocational training
3667,se,1906,1905,1990,True,Self-employed
3669,wz,1948,1943,1990,True,Military/Civil service
3669,ab,1943,1912,1990,True,Employed
3669,ab,1912,1905,1990,True,Employed
3670,ab,1915,1909,1990,True,Employed
3670,se,1909,1907,1990,True,Self-employed
3670,se,1907,1904,1990,True,Self-employed
3671,se,1924,1904,1990,True,Self-employed
3672,se,1912,1909,1990,True,Self-employed
3672,se,1909,1907,1990,True,Self-employed
3672,se,1907,1904,1990,True,Self-employed
3673,le,1935,1932,1990,True,Vocational training
3673,wz,1932,1927,1990,True,Military/Civil service
3673,ab,1927,1916,1990,True,Employed
3673,se,1916,1904,1990,True,Self-employed
3676,le,1937,1934,1990,True,Vocational training
3676,le,1934,1931,1990,True,Vocational training
3676,ab,1931,1913,1990,True,Employed
3676,se,1913,1904,1990,True,Self-employed
3678,le,1938,1935,1990,True,Vocational training
3678,ab,1935,1931,1990,True,Employed
3678,ab,1931,1923,1990,True,Employed
3678,ab,1923,1921,1990,True,Employed
3678,ab,1921,1918,1990,True,Employed
3678,se,1918,1904,1990,True,Self-employed
3688,ab,1927,1925,1990,True,Employed
3688,se,1925,1920,1990,True,Self-employed
3688,se,1920,1904,1990,True,Self-employed
3692,le,1936,1933,1990,True,Vocational training
3692,ne,1933,1927,1990,True,Not employed
3692,ab,1927,1918,1990,True,Employed
3692,se,1918,1904,1990,True,Self-employed
3693,le,1920,1916,1990,True,Vocational training
3693,ab,1916,1906,1990,True,Employed
3693,se,1906,1904,1990,True,Self-employed
3695,le,1928,1926,1990,True,Vocational training
3695,ab,1926,1923,1990,True,Employed
3695,ab,1923,1907,1990,True,Employed
3695,ab,1907,1904,1990,True,Employed
3696,ab,1910,1908,1988,False,Employed
3696,ab,1908,1902,1988,False,Employed
3697,ab,1918,1915,1990,True,Employed
3697,ne,1915,1914,1990,True,Not employed
3697,ab,1914,1910,1990,True,Employed
3697,ab,1910,1905,1990,True,Employed
3697,se,1905,1904,1990,True,Self-employed
3701,le,1922,1920,1990,True,Vocational training
3701,ne,1920,1916,1990,True,Not employed
3701,ab,1916,1913,1990,True,Employed
3701,se,1913,1911,1990,True,Self-employed
3701,ab,1911,1909,1990,True,Employed
3701,se,1909,1904,1990,True,Self-employed
3702,ab,1910,1903,1990,True,Employed
3703,ab,1923,1920,1990,True,Employed
3703,le,1920,1918,1990,True,Vocational training
3703,ab,1918,1904,1990,True,Employed
3708,le,1914,1911,1990,True,Vocational training
3708,ab,1911,1906,1990,True,Employed
3708,ab,1906,1905,1990,True,Employed
3709,le,1911,1909,1990,True,Vocational training
3709,le,1909,1904,1990,True,Vocational training
3711,ab,1920,1904,1990,True,Employed
3716,le,1924,1921,1990,True,Vocational training
3716,ne,1921,1917,1990,True,Not employed
3716,se,1917,1904,1990,True,Self-employed
3717,ne,1913,1911,1990,True,Not employed
3717,se,1911,1907,1990,True,Self-employed
3717,se,1907,1904,1990,True,Self-employed
3718,ab,1928,1912,1990,True,Employed
3718,se,1912,1904,1990,True,Self-employed
3723,ab,1924,1917,1990,True,Employed
3723,ne,1917,1912,1990,True,Not employed
3723,ab,1912,1903,1990,True,Employed
3726,wz,1918,1917,1990,True,Military/Civil service
3726,ab,1917,1906,1990,True,Employed
3726,se,1906,1904,1990,True,Self-employed
3727,ab,1913,1907,1990,True,Employed
3727,se,1907,1904,1990,True,Self-employed
3728,le,1928,1925,1990,True,Vocational training
3728,wz,1925,1923,1990,True,Military/Civil service
3728,ab,1923,1915,1990,True,Employed
3728,ne,1915,1913,1990,True,Not employed
3728,ne,1913,1908,1990,True,Not employed
3728,se,1908,1904,1990,True,Self-employed
3730,le,1910,1908,1990,True,Vocational training
3730,ab,1908,1904,1990,True,Employed
3734,wz,1922,1921,1990,True,Military/Civil service
3734,ab,1921,1920,1990,True,Employed
3734,ab,1920,1918,1990,True,Employed
3734,ab,1918,1912,1990,True,Employed
3734,se,1912,1910,1990,True,Self-employed
3734,ab,1910,1904,1990,True,Employed
3735,le,1911,1908,1990,True,Vocational training
3735,ab,1908,1905,1990,True,Employed
3735,se,1905,1904,1990,True,Self-employed
3737,ab,1934,1933,1990,True,Employed
3737,ab,1933,1918,1990,True,Employed
3737,se,1918,1910,1990,True,Self-employed
3737,se,1910,1904,1990,True,Self-employed
3739,ab,1913,1912,1990,True,Employed
3739,se,1912,1910,1990,True,Self-employed
3739,se,1910,1904,1990,True,Self-employed
3741,ab,1922,1921,1990,True,Employed
3741,ab,1921,1912,1990,True,Employed
3741,ne,1912,1911,1990,True,Not employed
3741,ab,1911,1907,1990,True,Employed
3741,se,1907,1905,1990,True,Self-employed
3741,ab,1905,1904,1990,True,Employed
3742,ab,1916,1912,1990,True,Employed
3742,se,1912,1905,1990,True,Self-employed
3746,ab,1916,1909,1990,True,Employed
3746,se,1909,1904,1990,True,Self-employed
3747,le,1920,1916,1990,True,Vocational training
3747,le,1916,1911,1990,True,Vocational training
3747,ab,1911,1904,1990,True,Employed
3750,ab,1914,1912,1990,True,Employed
3750,le,1912,1908,1990,True,Vocational training
3750,wz,1908,1907,1990,True,Military/Civil service
3750,ne,1907,1906,1990,True,Not employed
3752,le,1928,1925,1990,True,Vocational training
3752,ab,1925,1921,1990,True,Employed
3752,se,1921,1919,1990,True,Self-employed
3752,se,1919,1917,1990,True,Self-employed
3752,ne,1917,1915,1990,True,Not employed
3752,ab,1915,1904,1990,True,Employed
3753,le,1918,1916,1990,True,Vocational training
3753,ab,1916,1910,1990,True,Employed
3753,se,1910,1904,1990,True,Self-employed
3755,le,1926,1922,1990,True,Vocational training
3755,ab,1922,1912,1990,True,Employed
3755,le,1912,1910,1990,True,Vocational training
3755,ab,1910,1909,1990,True,Employed
3755,se,1909,1904,1990,True,Self-employed
3758,ab,1938,1918,1990,True,Employed
3758,se,1918,1904,1990,True,Self-employed
3767,ab,1914,1906,1990,True,Employed
3767,ab,1906,1904,1990,True,Employed
3778,le,1923,1920,1990,True,Vocational training
3778,ab,1920,1905,1990,True,Employed
3782,se,1906,1905,1990,True,Self-employed
3785,le,1917,1914,1987,False,Vocational training
3785,wz,1914,1912,1987,False,Military/Civil service
3785,ab,1912,1904,1987,False,Employed
3786,le,1925,1921,1990,True,Vocational training
3786,ab,1921,1905,1990,True,Employed
3794,se,1914,1905,1990,True,Self-employed
3800,ab,1935,1932,1990,True,Employed
3800,le,1932,1928,1990,True,Vocational training
3800,wz,1928,1926,1990,True,Military/Civil service
3800,ab,1926,1905,1990,True,Employed
3807,le,1920,1917,1987,False,Vocational training
3807,le,1917,1915,1987,False,Vocational training
3807,ab,1915,1911,1987,False,Employed
3807,se,1911,1906,1987,False,Self-employed
3807,se,1906,1901,1987,False,Self-employed
3810,le,1926,1924,1986,False,Vocational training
3810,ne,1924,1923,1986,False,Not employed
3810,ab,1923,1906,1986,False,Employed
3810,ab,1906,1900,1986,False,Employed
3817,se,1911,1906,1990,True,Self-employed
3817,se,1906,1905,1990,True,Self-employed
3819,ab,1930,1923,1990,True,Employed
3819,ne,1923,1917,1990,True,Not employed
3819,ab,1917,1914,1990,True,Employed
3819,ne,1914,1905,1990,True,Not employed
3820,le,1929,1926,1990,True,Vocational training
3820,ne,1926,1922,1990,True,Not employed
3820,ab,1922,1921,1990,True,Employed
3820,se,1921,1905,1990,True,Self-employed
3821,ab,1929,1926,1989,False,Employed
3821,se,1926,1903,1989,False,Self-employed
3822,ab,1904,1903,1986,False,Employed
3822,se,1903,1901,1986,False,Self-employed
3823,ab,1914,1911,1990,True,Employed
3823,ab,1911,1904,1990,True,Employed
3828,le,1926,1923,1990,True,Vocational training
3828,ab,1923,1904,1990,True,Employed
3830,le,1911,1909,1987,False,Vocational training
3830,ab,1909,1901,1987,False,Employed
3831,ab,1912,1907,1990,True,Employed
3831,ab,1907,1904,1990,True,Employed
3832,le,1929,1926,1990,True,Vocational training
3832,ab,1926,1921,1990,True,Employed
3832,ab,1921,1911,1990,True,Employed
3832,se,1911,1910,1990,True,Self-employed
3832,se,1910,1906,1990,True,Self-employed
3832,se,1906,1904,1990,True,Self-employed
3834,le,1932,1929,1986,False,Vocational training
3834,le,1929,1926,1986,False,Vocational training
3834,ab,1926,1924,1986,False,Employed
3834,ab,1924,1919,1986,False,Employed
3834,ab,1919,1906,1986,False,Employed
3834,se,1906,1902,1986,False,Self-employed
3834,ab,1902,1901,1986,False,Employed
3841,ab,1921,1916,1985,False,Employed
3841,ne,1916,1912,1985,False,Not employed
3841,ab,1912,1905,1985,False,Employed
3841,se,1905,1901,1985,False,Self-employed
3845,le,1933,1930,1990,True,Vocational training
3845,ab,1930,1920,1990,True,Employed
3845,se,1920,1904,1990,True,Self-employed
3846,le,1917,1914,1990,True,Vocational training
3846,ab,1914,1912,1990,True,Employed
3846,ab,1912,1910,1990,True,Employed
3846,se,1910,1904,1990,True,Self-employed
3846,ab,1904,1901,1990,True,Employed
3850,le,1930,1928,1990,True,Vocational training
3850,ab,1928,1920,1990,True,Employed
3850,se,1920,1903,1990,True,Self-employed
3852,le,1930,1927,1990,True,Vocational training
3852,ab,1927,1915,1990,True,Employed
3852,se,1915,1905,1990,True,Self-employed
3855,le,1926,1923,1987,False,Vocational training
3855,ab,1923,1901,1987,False,Employed
3859,le,1923,1921,1989,False,Vocational training
3859,wz,1921,1920,1989,False,Military/Civil service
3859,ab,1920,1907,1989,False,Employed
3859,se,1907,1906,1989,False,Self-employed
3859,se,1906,1905,1989,False,Self-employed
3859,se,1905,1904,1989,False,Self-employed
3859,se,1904,1903,1989,False,Self-employed
3860,le,1920,1918,1987,False,Vocational training
3860,ab,1918,1913,1987,False,Employed
3860,se,1913,1902,1987,False,Self-employed
3862,wz,1906,1904,1986,False,Military/Civil service
3862,ne,1904,1902,1986,False,Not employed
3862,le,1902,1900,1986,False,Vocational training
3863,le,1915,1912,1988,False,Vocational training
3863,ab,1912,1904,1988,False,Employed
3863,le,1904,1903,1988,False,Vocational training
3865,wz,1913,1911,1990,True,Military/Civil service
3865,ne,1911,1906,1990,True,Not employed
3865,ab,1906,1905,1990,True,Employed
3871,le,1922,1918,1987,False,Vocational training
3871,ab,1918,1916,1987,False,Employed
3871,wz,1916,1915,1987,False,Military/Civil service
3871,ab,1915,1904,1987,False,Employed
3871,al,1904,1903,1987,False,Unemployed
3871,le,1903,1901,1987,False,Vocational training
3872,le,1917,1913,1987,False,Vocational training
3872,ab,1913,1908,1987,False,Employed
3872,ab,1908,1904,1987,False,Employed
3872,al,1904,1903,1987,False,Unemployed
3872,se,1903,1901,1987,False,Self-employed
3873,ab,1919,1915,1987,False,Employed
3873,wz,1915,1913,1987,False,Military/Civil service
3873,ab,1913,1902,1987,False,Employed
3878,ne,1941,1935,1990,True,Not employed
3878,ne,1935,1929,1990,True,Not employed
3878,ab,1929,1925,1990,True,Employed
3878,se,1925,1910,1990,True,Self-employed
3878,se,1910,1905,1990,True,Self-employed
3881,ab,1914,1901,1986,False,Employed
3884,ab,1926,1920,1988,False,Employed
3884,se,1920,1919,1988,False,Self-employed
3884,ab,1919,1903,1988,False,Employed
3889,ab,1914,1902,1987,False,Employed
3891,le,1915,1910,1987,False,Vocational training
3891,ab,1910,1902,1987,False,Employed
3893,le,1923,1920,1986,False,Vocational training
3893,ab,1920,1914,1986,False,Employed
3893,ab,1914,1901,1986,False,Employed
3896,le,1906,1903,1986,False,Vocational training
3896,ab,1903,1901,1986,False,Employed
3897,le,1920,1917,1987,False,Vocational training
3897,wz,1917,1915,1987,False,Military/Civil service
3897,ab,1915,1902,1987,False,Employed
3901,le,1930,1926,1990,True,Vocational training
3901,ab,1926,1925,1990,True,Employed
3901,wz,1925,1916,1990,True,Military/Civil service
3901,ab,1916,1905,1990,True,Employed
3905,le,1932,1929,1986,False,Vocational training
3905,ab,1929,1925,1986,False,Employed
3905,se,1925,1923,1986,False,Self-employed
3905,ab,1923,1921,1986,False,Employed
3905,se,1921,1901,1986,False,Self-employed
3906,le,1913,1910,1990,True,Vocational training
3906,ab,1910,1908,1990,True,Employed
3906,wz,1908,1907,1990,True,Military/Civil service
3906,ab,1907,1906,1990,True,Employed
3906,se,1906,1905,1990,True,Self-employed
3907,le,1924,1922,1987,False,Vocational training
3907,ab,1922,1909,1987,False,Employed
3907,se,1909,1907,1987,False,Self-employed
3907,ab,1907,1902,1987,False,Employed
3912,ab,1907,1906,1990,True,Employed
3912,se,1906,1905,1990,True,Self-employed
3915,le,1920,1917,1990,True,Vocational training
3915,ne,1917,1916,1990,True,Not employed
3915,ab,1916,1911,1990,True,Employed
3915,se,1911,1905,1990,True,Self-employed
3916,ne,1926,1923,1987,False,Not employed
3916,se,1923,1908,1987,False,Self-employed
3916,ne,1908,1907,1987,False,Not employed
3916,se,1907,1903,1987,False,Self-employed
3916,ne,1903,1902,1987,False,Not employed
3919,le,1912,1910,1985,False,Vocational training
3919,ab,1910,1909,1985,False,Employed
3919,le,1909,1907,1985,False,Vocational training
3919,ab,1907,1906,1985,False,Employed
3919,ab,1906,1904,1985,False,Employed
3919,ab,1904,1900,1985,False,Employed
3921,le,1925,1922,1985,False,Vocational training
3921,ab,1922,1912,1985,False,Employed
3921,ab,1912,1910,1985,False,Employed
3921,ab,1910,1904,1985,False,Employed
3921,se,1904,1900,1985,False,Self-employed
3923,le,1910,1906,1987,False,Vocational training
3923,ab,1906,1904,1987,False,Employed
3923,ne,1904,1903,1987,False,Not employed
3923,ne,1903,1902,1987,False,Not employed
3932,le,1924,1922,1986,False,Vocational training
3932,ab,1922,1921,1986,False,Employed
3932,le,1921,1918,1986,False,Vocational training
3932,ab,1918,1901,1986,False,Employed
3934,ne,1904,1900,1985,False,Not employed
3939,ne,1912,1911,1986,False,Not employed
3939,wz,1911,1909,1986,False,Military/Civil service
3939,le,1909,1907,1986,False,Vocational training
3939,ab,1907,1901,1986,False,Employed
3941,se,1912,1902,1987,False,Self-employed
3947,ab,1912,1911,1990,True,Employed
3947,le,1911,1907,1990,True,Vocational training
3947,ab,1907,1905,1990,True,Employed
3949,le,1929,1926,1985,False,Vocational training
3949,ab,1926,1925,1985,False,Employed
3949,ab,1925,1900,1985,False,Employed
3950,le,1922,1919,1986,False,Vocational training
3950,wz,1919,1916,1986,False,Military/Civil service
3950,ab,1916,1904,1986,False,Employed
3950,se,1904,1901,1986,False,Self-employed
3951,le,1924,1920,1988,False,Vocational training
3951,le,1920,1917,1988,False,Vocational training
3951,ab,1917,1903,1988,False,Employed
3952,le,1910,1907,1988,False,Vocational training
3952,ab,1907,1906,1988,False,Employed
3952,le,1906,1905,1988,False,Vocational training
3952,ab,1905,1903,1988,False,Employed
3958,le,1907,1905,1986,False,Vocational training
3958,ab,1905,1901,1986,False,Employed
3960,ab,1913,1910,1990,True,Employed
3960,ab,1910,1905,1990,True,Employed
3961,le,1908,1905,1989,False,Vocational training
3961,ab,1905,1904,1989,False,Employed
3963,le,1925,1921,1987,False,Vocational training
3963,ab,1921,1910,1987,False,Employed
3964,le,1926,1923,1986,False,Vocational training
3964,ab,1923,1918,1986,False,Employed
3964,wz,1918,1917,1986,False,Military/Civil service
3964,ne,1917,1914,1986,False,Not employed
3964,ab,1914,1901,1986,False,Employed
3965,le,1906,1902,1986,False,Vocational training
3965,ab,1902,1901,1986,False,Employed
3966,le,1919,1917,1986,False,Vocational training
3966,le,1917,1915,1986,False,Vocational training
3966,ab,1915,1914,1986,False,Employed
3966,ab,1914,1908,1986,False,Employed
3966,se,1908,1902,1986,False,Self-employed
3966,se,1902,1901,1986,False,Self-employed
3968,ne,1915,1914,1990,True,Not employed
3968,ne,1914,1911,1990,True,Not employed
3968,ne,1911,1910,1990,True,Not employed
3968,se,1910,1908,1990,True,Self-employed
3968,le,1908,1905,1990,True,Vocational training
3971,ne,1911,1907,1990,False,Not employed
3971,ab,1907,1905,1990,False,Employed
3973,le,1928,1925,1988,False,Vocational training
3973,ne,1925,1911,1988,False,Not employed
3973,ab,1911,1903,1988,False,Employed
3976,ne,1921,1918,1990,True,Not employed
3976,ab,1918,1916,1990,True,Employed
3976,se,1916,1912,1990,True,Self-employed
3976,se,1912,1908,1990,True,Self-employed
3976,se,1908,1906,1990,True,Self-employed
3978,le,1924,1922,1986,False,Vocational training
3978,ab,1922,1921,1986,False,Employed
3978,ne,1921,1908,1986,False,Not employed
3978,ab,1908,1901,1986,False,Employed
3979,ab,1930,1924,1988,False,Employed
3979,ab,1924,1918,1988,False,Employed
3979,ab,1918,1914,1988,False,Employed
3979,ab,1914,1907,1988,False,Employed
3979,ab,1907,1906,1988,False,Employed
3979,ne,1906,1903,1988,False,Not employed
3980,wz,1944,1942,1988,False,Military/Civil service
3980,ab,1942,1939,1988,False,Employed
3980,ab,1939,1935,1988,False,Employed
3980,ab,1935,1903,1988,False,Employed
3981,le,1917,1913,1985,False,Vocational training
3981,ab,1913,1904,1985,False,Employed
3981,ab,1904,1902,1985,False,Employed
3981,ab,1902,1900,1985,False,Employed
3988,le,1937,1931,1990,True,Vocational training
3988,ab,1931,1926,1990,True,Employed
3988,ab,1926,1908,1990,True,Employed
3988,ab,1908,1905,1990,True,Employed
3990,le,1916,1912,1985,False,Vocational training
3990,ab,1912,1910,1985,False,Employed
3990,ab,1910,1907,1985,False,Employed
3990,ab,1907,1906,1985,False,Employed
3990,wz,1906,1905,1985,False,Military/Civil service
3991,ab,1908,1907,1990,True,Employed
3991,se,1907,1905,1990,True,Self-employed
3993,le,1916,1913,1989,False,Vocational training
3993,wz,1913,1911,1989,False,Military/Civil service
3993,ab,1911,1907,1989,False,Employed
3993,le,1907,1904,1989,False,Vocational training
3994,le,1930,1927,1990,True,Vocational training
3994,ne,1927,1909,1990,True,Not employed
3994,se,1909,1905,1990,True,Self-employed
3999,ab,1908,1901,1986,False,Employed
4000,ab,1905,1900,1985,False,Employed
4002,le,1940,1938,1989,False,Vocational training
4002,ab,1938,1911,1989,False,Employed
4002,ab,1911,1904,1989,False,Employed
4004,ne,1925,1920,1988,False,Not employed
4004,ab,1920,1911,1988,False,Employed
4004,ab,1911,1904,1988,False,Employed
4004,se,1904,1903,1988,False,Self-employed
4005,wz,1948,1945,1990,True,Military/Civil service
4005,ne,1945,1937,1990,True,Not employed
4005,ab,1937,1935,1990,True,Employed
4005,ab,1935,1905,1990,True,Employed
4008,le,1937,1934,1990,True,Vocational training
4008,ab,1934,1928,1990,True,Employed
4008,se,1928,1903,1990,True,Self-employed
4010,ab,1906,1902,1987,False,Employed
4011,ab,1916,1911,1990,True,Employed
4011,ab,1911,1905,1990,True,Employed
4012,ab,1907,1905,1985,False,Employed
4012,wz,1905,1904,1985,False,Military/Civil service
4012,ab,1904,1900,1985,False,Employed
4014,le,1913,1910,1988,False,Vocational training
4014,ab,1910,1909,1988,False,Employed
4014,wz,1909,1907,1988,False,Military/Civil service
4014,se,1907,1903,1988,False,Self-employed
4014,se,1903,1901,1988,False,Self-employed
4015,ab,1914,1907,1986,False,Employed
4015,ab,1907,1905,1986,False,Employed
4015,se,1905,1901,1986,False,Self-employed
4016,le,1934,1931,1990,True,Vocational training
4016,ab,1931,1928,1990,True,Employed
4016,ab,1928,1926,1990,True,Employed
4016,se,1926,1916,1990,True,Self-employed
4016,se,1916,1911,1990,True,Self-employed
4016,ab,1911,1905,1990,True,Employed
4017,le,1926,1923,1987,False,Vocational training
4017,ab,1923,1905,1987,False,Employed
4017,se,1905,1902,1987,False,Self-employed
4019,le,1904,1901,1986,False,Vocational training
4020,le,1922,1918,1990,True,Vocational training
4020,ab,1918,1905,1990,True,Employed
4024,le,1907,1904,1986,False,Vocational training
4024,le,1904,1902,1986,False,Vocational training
4024,ab,1902,1901,1986,False,Employed
4025,ab,1903,1901,1986,False,Employed
4028,le,1904,1902,1987,False,Vocational training
4031,ab,1924,1921,1989,False,Employed
4031,ab,1921,1903,1989,False,Employed
4035,le,1907,1905,1990,True,Vocational training
4037,le,1947,1942,1990,True,Vocational training
4037,ab,1942,1941,1990,True,Employed
4037,ne,1941,1934,1990,True,Not employed
4037,ab,1934,1930,1990,True,Employed
4037,ne,1930,1929,1990,True,Not employed
4037,ab,1929,1920,1990,True,Employed
4040,se,1919,1916,1987,False,Self-employed
4040,ab,1916,1908,1987,False,Employed
4040,se,1908,1902,1987,False,Self-employed
4041,le,1906,1904,1985,False,Vocational training
4041,ab,1904,1900,1985,False,Employed
4046,le,1929,1926,1987,False,Vocational training
4046,ab,1926,1923,1987,False,Employed
4046,wz,1923,1917,1987,False,Military/Civil service
4046,ab,1917,1902,1987,False,Employed
4048,ab,1913,1911,1985,False,Employed
4048,ne,1911,1904,1985,False,Not employed
4048,ab,1904,1901,1985,False,Employed
4049,le,1919,1916,1986,False,Vocational training
4049,ab,1916,1903,1986,False,Employed
4049,ne,1903,1901,1986,False,Not employed
4052,le,1904,1902,1986,False,Vocational training
4052,se,1902,1901,1986,False,Self-employed
4054,le,1912,1909,1986,False,Vocational training
4054,ab,1909,1901,1986,False,Employed
4055,le,1958,1954,1990,True,Vocational training
4055,wz,1954,1945,1990,True,Military/Civil service
4055,ab,1945,1944,1990,True,Employed
4055,se,1944,1943,1990,True,Self-employed
4056,wz,1923,1921,1985,False,Military/Civil service
4056,ne,1921,1912,1985,False,Not employed
4056,ne,1912,1911,1985,False,Not employed
4056,ne,1911,1909,1985,False,Not employed
4056,ab,1909,1907,1985,False,Employed
4056,se,1907,1900,1985,False,Self-employed
4057,le,1912,1909,1987,False,Vocational training
4057,wz,1909,1908,1987,False,Military/Civil service
4057,ab,1908,1906,1987,False,Employed
4057,ne,1906,1904,1987,False,Not employed
4057,ab,1904,1902,1987,False,Employed
4061,le,1923,1921,1986,False,Vocational training
4061,ab,1921,1913,1986,False,Employed
4061,se,1913,1901,1986,False,Self-employed
4062,ab,1931,1909,1990,True,Employed
4062,ab,1909,1905,1990,True,Employed
4063,le,1914,1911,1985,False,Vocational training
4063,wz,1911,1909,1985,False,Military/Civil service
4063,ab,1909,1908,1985,False,Employed
4063,ab,1908,1900,1985,False,Employed
4064,le,1916,1913,1987,False,Vocational training
4064,ab,1913,1906,1987,False,Employed
4064,ab,1906,1902,1987,False,Employed
4066,le,1912,1908,1985,False,Vocational training
4066,ab,1908,1900,1985,False,Employed
4067,le,1924,1921,1989,False,Vocational training
4067,ab,1921,1917,1989,False,Employed
4067,ab,1917,1915,1989,False,Employed
4067,ne,1915,1904,1989,False,Not employed
4069,wz,1915,1913,1990,True,Military/Civil service
4069,le,1913,1911,1990,True,Vocational training
4069,ab,1911,1905,1990,True,Employed
4070,le,1920,1918,1985,False,Vocational training
4070,ab,1918,1910,1985,False,Employed
4070,ne,1910,1900,1985,False,Not employed
4071,le,1906,1903,1986,False,Vocational training
4071,ab,1903,1900,1986,False,Employed
4072,le,1909,1906,1986,False,Vocational training
4072,ab,1906,1905,1986,False,Employed
4072,al,1905,1901,1986,False,Unemployed
4076,le,1905,1900,1985,False,Vocational training
4079,le,1927,1924,1988,False,Vocational training
4079,ab,1924,1918,1988,False,Employed
4079,ab,1918,1903,1988,False,Employed
4080,le,1908,1906,1985,False,Vocational training
4080,ab,1906,1902,1985,False,Employed
4080,ne,1902,1900,1985,False,Not employed
4082,ab,1903,1901,1986,False,Employed
4086,ab,1914,1910,1990,True,Employed
4086,ab,1910,1908,1990,True,Employed
4086,se,1908,1907,1990,True,Self-employed
4086,al,1907,1906,1990,True,Unemployed
4086,se,1906,1905,1990,True,Self-employed
4087,le,1917,1914,1987,False,Vocational training
4087,ab,1914,1911,1987,False,Employed
4087,ne,1911,1902,1987,False,Not employed
4088,ab,1933,1917,1987,False,Employed
4088,ab,1917,1902,1987,False,Employed
4095,ab,1916,1914,1987,False,Employed
4095,ab,1914,1902,1987,False,Employed
4100,le,1912,1909,1990,True,Vocational training
4100,wz,1909,1904,1990,True,Military/Civil service
4105,le,1922,1919,1990,True,Vocational training
4105,wz,1919,1915,1990,True,Military/Civil service
4105,ab,1915,1908,1990,True,Employed
4105,ab,1908,1905,1990,True,Employed
4107,ab,1923,1916,1986,False,Employed
4107,ne,1916,1901,1986,False,Not employed
4110,se,1907,1906,1986,False,Self-employed
4110,ne,1906,1905,1986,False,Not employed
4110,al,1905,1904,1986,False,Unemployed
4110,ab,1904,1901,1986,False,Employed
4112,ne,1932,1911,1986,False,Not employed
4112,se,1911,1906,1986,False,Self-employed
4112,se,1906,1901,1986,False,Self-employed
4113,ab,1924,1919,1989,False,Employed
4113,ab,1919,1918,1989,False,Employed
4113,ab,1918,1904,1989,False,Employed
4116,le,1924,1921,1985,False,Vocational training
4116,ab,1921,1906,1985,False,Employed
4116,ne,1906,1900,1985,False,Not employed
4117,ab,1933,1924,1986,False,Employed
4117,le,1924,1923,1986,False,Vocational training
4117,ab,1923,1922,1986,False,Employed
4117,ab,1922,1918,1986,False,Employed
4117,ne,1918,1900,1986,False,Not employed
4118,ab,1927,1921,1987,False,Employed
4118,se,1921,1917,1987,False,Self-employed
4118,ab,1917,1902,1987,False,Employed
4122,ab,1917,1906,1986,False,Employed
4122,ne,1906,1901,1986,False,Not employed
4123,ab,1938,1931,1988,False,Employed
4123,ab,1931,1923,1988,False,Employed
4123,se,1923,1903,1988,False,Self-employed
4125,le,1927,1924,1985,False,Vocational training
4125,le,1924,1922,1985,False,Vocational training
4125,ab,1922,1917,1985,False,Employed
4125,le,1917,1916,1985,False,Vocational training
4125,ne,1916,1912,1985,False,Not employed
4125,se,1912,1905,1985,False,Self-employed
4125,ab,1905,1902,1985,False,Employed
4125,al,1902,1901,1985,False,Unemployed
4127,se,1922,1917,1990,True,Self-employed
4127,ab,1917,1911,1990,True,Employed
4128,wz,1906,1905,1990,True,Military/Civil service
4129,le,1920,1917,1986,False,Vocational training
4129,wz,1917,1915,1986,False,Military/Civil service
4129,ab,1915,1900,1986,False,Employed
4130,ab,1911,1910,1989,False,Employed
4130,le,1910,1909,1989,False,Vocational training
4130,ab,1909,1908,1989,False,Employed
4130,ab,1908,1907,1989,False,Employed
4130,se,1907,1906,1989,False,Self-employed
4130,ab,1906,1904,1989,False,Employed
4133,wz,1904,1902,1986,False,Military/Civil service
4133,ne,1902,1901,1986,False,Not employed
4135,le,1908,1905,1986,False,Vocational training
4135,ab,1905,1903,1986,False,Employed
4135,al,1903,1901,1986,False,Unemployed
4138,le,1936,1933,1987,False,Vocational training
4138,ab,1933,1930,1987,False,Employed
4138,wz,1930,1901,1987,False,Military/Civil service
4141,le,1913,1910,1986,False,Vocational training
4141,wz,1910,1909,1986,False,Military/Civil service
4141,ab,1909,1901,1986,False,Employed
4142,le,1921,1918,1987,False,Vocational training
4142,ab,1918,1908,1987,False,Employed
4142,ne,1908,1903,1987,False,Not employed
4142,se,1903,1901,1987,False,Self-employed
4147,le,1913,1910,1988,False,Vocational training
4147,wz,1910,1908,1988,False,Military/Civil service
4147,ab,1908,1903,1988,False,Employed
4152,le,1911,1907,1987,False,Vocational training
4152,ab,1907,1905,1987,False,Employed
4152,al,1905,1903,1987,False,Unemployed
4152,ab,1903,1902,1987,False,Employed
4152,ab,1902,1901,1987,False,Employed
4158,ab,1905,1904,1990,True,Employed
4159,le,1906,1904,1988,False,Vocational training
4159,wz,1904,1902,1988,False,Military/Civil service
4161,ab,1913,1902,1988,False,Employed
4164,le,1907,1904,1987,False,Vocational training
4164,ab,1904,1901,1987,False,Employed
4165,al,1901,1900,1986,False,Unemployed
4169,ab,1917,1916,1990,True,Employed
4169,le,1916,1915,1990,True,Vocational training
4169,ab,1915,1904,1990,True,Employed
4172,le,1912,1910,1986,False,Vocational training
4172,ab,1910,1901,1986,False,Employed
4174,le,1931,1929,1990,True,Vocational training
4174,ab,1929,1926,1990,True,Employed
4174,ne,1926,1910,1990,True,Not employed
4174,ab,1910,1904,1990,True,Employed
4175,le,1918,1915,1988,False,Vocational training
4175,ab,1915,1902,1988,False,Employed
4176,le,1926,1924,1990,True,Vocational training
4176,ab,1924,1923,1990,True,Employed
4176,ab,1923,1921,1990,True,Employed
4176,ab,1921,1919,1990,True,Employed
4176,ab,1919,1909,1990,True,Employed
4176,ab,1909,1908,1990,True,Employed
4176,ab,1908,1904,1990,True,Employed
4177,le,1908,1905,1987,False,Vocational training
4177,ne,1905,1901,1987,False,Not employed
4179,wz,1905,1904,1986,False,Military/Civil service
4179,al,1904,1903,1986,False,Unemployed
4179,le,1903,1902,1986,False,Vocational training
4179,ab,1902,1900,1986,False,Employed
4181,le,1924,1922,1990,True,Vocational training
4181,ab,1922,1904,1990,True,Employed
4182,le,1910,1906,1988,False,Vocational training
4182,ne,1906,1902,1988,False,Not employed
4184,le,1934,1931,1990,True,Vocational training
4184,ab,1931,1920,1990,True,Employed
4184,ab,1920,1904,1990,True,Employed
4189,wz,1904,1903,1987,False,Military/Civil service
4189,ne,1903,1901,1987,False,Not employed
4193,ab,1914,1909,1990,True,Employed
4193,se,1909,1904,1990,True,Self-employed
4195,le,1928,1925,1990,True,Vocational training
4195,ab,1925,1904,1990,True,Employed
4201,se,1933,1906,1987,False,Self-employed
4201,ne,1906,1901,1987,False,Not employed
4205,le,1916,1913,1990,True,Vocational training
4205,ab,1913,1910,1990,True,Employed
4205,ne,1910,1905,1990,True,Not employed
4214,le,1940,1937,1990,True,Vocational training
4214,ab,1937,1936,1990,True,Employed
4214,se,1936,1930,1990,True,Self-employed
4214,se,1930,1913,1990,True,Self-employed
4217,le,1920,1917,1990,True,Vocational training
4217,ab,1917,1914,1990,True,Employed
4217,al,1914,1913,1990,True,Unemployed
4217,ab,1913,1911,1990,True,Employed
4217,al,1911,1910,1990,True,Unemployed
4217,ab,1910,1907,1990,True,Employed
4222,le,1928,1925,1987,False,Vocational training
4222,ab,1925,1915,1987,False,Employed
4222,se,1915,1906,1987,False,Self-employed
4222,se,1906,1901,1987,False,Self-employed
4229,le,1908,1906,1987,False,Vocational training
4229,ab,1906,1901,1987,False,Employed
4242,le,1933,1930,1990,True,Vocational training
4242,ab,1930,1904,1990,True,Employed
4245,le,1917,1914,1988,False,Vocational training
4245,ab,1914,1913,1988,False,Employed
4245,ab,1913,1902,1988,False,Employed
4248,le,1928,1925,1987,False,Vocational training
4248,ab,1925,1920,1987,False,Employed
4248,ab,1920,1919,1987,False,Employed
4248,ab,1919,1918,1987,False,Employed
4248,ab,1918,1913,1987,False,Employed
4248,le,1913,1911,1987,False,Vocational training
4248,ab,1911,1903,1987,False,Employed
4248,se,1903,1901,1987,False,Self-employed
4250,ab,1904,1902,1987,False,Employed
4250,ne,1902,1901,1987,False,Not employed
4264,ab,1912,1905,1986,False,Employed
4264,ab,1905,1900,1986,False,Employed
4278,al,1909,1908,1988,False,Unemployed
4278,le,1908,1906,1988,False,Vocational training
4278,ab,1906,1902,1988,False,Employed
4279,le,1928,1926,1987,False,Vocational training
4279,ne,1926,1901,1987,False,Not employed
4280,le,1915,1912,1987,False,Vocational training
4280,ab,1912,1910,1987,False,Employed
4280,wz,1910,1909,1987,False,Military/Civil service
4280,ab,1909,1901,1987,False,Employed
4282,le,1923,1920,1990,True,Vocational training
4282,ne,1920,1915,1990,True,Not employed
4282,ab,1915,1904,1990,True,Employed
4286,le,1907,1903,1987,False,Vocational training
4286,ab,1903,1901,1987,False,Employed
4287,le,1927,1924,1990,True,Vocational training
4287,ab,1924,1904,1990,True,Employed
4291,ab,1922,1918,1988,False,Employed
4291,ne,1918,1910,1988,False,Not employed
4291,se,1910,1908,1988,False,Self-employed
4291,ne,1908,1906,1988,False,Not employed
4291,ab,1906,1902,1988,False,Employed
4296,ab,1905,1903,1986,False,Employed
4296,le,1903,1901,1986,False,Vocational training
4296,ab,1901,1900,1986,False,Employed
4299,le,1914,1912,1988,False,Vocational training
4299,ab,1912,1904,1988,False,Employed
4299,ne,1904,1903,1988,False,Not employed
4299,ab,1903,1902,1988,False,Employed
4300,le,1920,1917,1987,False,Vocational training
4300,ab,1917,1916,1987,False,Employed
4300,wz,1916,1914,1987,False,Military/Civil service
4300,ab,1914,1901,1987,False,Employed
4310,ne,1903,1901,1987,False,Not employed
4322,le,1922,1919,1988,False,Vocational training
4322,ab,1919,1911,1988,False,Employed
4322,ab,1911,1902,1988,False,Employed
4325,le,1910,1908,1986,False,Vocational training
4325,ab,1908,1906,1986,False,Employed
4325,wz,1906,1904,1986,False,Military/Civil service
4325,ab,1904,1901,1986,False,Employed
4325,ab,1901,1900,1986,False,Employed
4330,le,1929,1926,1990,True,Vocational training
4330,ab,1926,1921,1990,True,Employed
4330,wz,1921,1920,1990,True,Military/Civil service
4330,ab,1920,1905,1990,True,Employed
4340,le,1901,1900,1986,False,Vocational training
4346,le,1936,1933,1990,True,Vocational training
4346,ab,1933,1911,1990,True,Employed
4346,se,1911,1904,1990,True,Self-employed
4350,wz,1944,1942,1986,False,Military/Civil service
4350,le,1942,1939,1986,False,Vocational training
4350,ab,1939,1935,1986,False,Employed
4350,ab,1935,1934,1986,False,Employed
4350,ab,1934,1930,1986,False,Employed
4350,ab,1930,1929,1986,False,Employed
4350,ab,1929,1900,1986,False,Employed
4355,le,1911,1905,1990,True,Vocational training
4360,le,1925,1923,1990,True,Vocational training
4360,ab,1923,1922,1990,True,Employed
4360,le,1922,1921,1990,True,Vocational training
4360,wz,1921,1919,1990,True,Military/Civil service
4360,ab,1919,1907,1990,True,Employed
4360,se,1907,1904,1990,True,Self-employed
4364,le,1909,1906,1987,False,Vocational training
4364,ab,1906,1904,1987,False,Employed
4364,wz,1904,1903,1987,False,Military/Civil service
4364,ab,1903,1901,1987,False,Employed
4371,ab,1920,1917,1990,True,Employed
4371,le,1917,1915,1990,True,Vocational training
4371,ab,1915,1912,1990,True,Employed
4371,ab,1912,1904,1990,True,Employed
4372,le,1933,1931,1987,False,Vocational training
4372,ab,1931,1910,1987,False,Employed
4372,ab,1910,1909,1987,False,Employed
4372,ab,1909,1902,1987,False,Employed
4372,al,1902,1901,1987,False,Unemployed
4375,le,1922,1919,1986,False,Vocational training
4375,ab,1919,1903,1986,False,Employed
4375,ne,1903,1900,1986,False,Not employed
4377,ab,1937,1915,1990,True,Employed
4377,ab,1915,1904,1990,True,Employed
4380,le,1923,1920,1987,False,Vocational training
4380,ab,1920,1918,1987,False,Employed
4380,ab,1918,1916,1987,False,Employed
4380,ab,1916,1914,1987,False,Employed
4380,ab,1914,1910,1987,False,Employed
4380,ne,1910,1901,1987,False,Not employed
4386,le,1911,1908,1987,False,Vocational training
4386,ab,1908,1901,1987,False,Employed
4392,wz,1922,1921,1990,True,Military/Civil service
4392,le,1921,1919,1990,True,Vocational training
4392,ab,1919,1908,1990,True,Employed
4392,le,1908,1904,1990,True,Vocational training
4394,le,1925,1922,1986,False,Vocational training
4394,ab,1922,1918,1986,False,Employed
4394,wz,1918,1916,1986,False,Military/Civil service
4394,ab,1916,1915,1986,False,Employed
4394,ab,1915,1913,1986,False,Employed
4394,ab,1913,1900,1986,False,Employed
4403,le,1924,1921,1987,False,Vocational training
4403,ab,1921,1917,1987,False,Employed
4403,ab,1917,1912,1987,False,Employed
4403,ab,1912,1907,1987,False,Employed
4403,ab,1907,1901,1987,False,Employed
4404,ab,1936,1934,1990,True,Employed
4404,ab,1934,1930,1990,True,Employed
4404,ab,1930,1927,1990,True,Employed
4404,ab,1927,1924,1990,True,Employed
4404,ab,1924,1922,1990,True,Employed
4404,se,1922,1904,1990,True,Self-employed
4412,ne,1902,1901,1987,False,Not employed
4418,wz,1927,1923,1990,True,Military/Civil service
4418,ab,1923,1916,1990,True,Employed
4418,se,1916,1915,1990,True,Self-employed
4418,se,1915,1904,1990,True,Self-employed
4421,se,1902,1901,1987,False,Self-employed
4425,se,1916,1903,1989,False,Self-employed
4427,wz,1906,1905,1987,False,Military/Civil service
4427,ne,1905,1902,1987,False,Not employed
4427,ne,1902,1901,1987,False,Not employed
4429,le,1909,1906,1988,False,Vocational training
4429,ab,1906,1902,1988,False,Employed
4431,le,1905,1903,1987,False,Vocational training
4431,ab,1903,1902,1987,False,Employed
4431,wz,1902,1901,1987,False,Military/Civil service
4433,le,1904,1901,1987,False,Vocational training
4436,le,1910,1907,1990,True,Vocational training
4436,ab,1907,1905,1990,True,Employed
4436,ab,1905,1903,1990,True,Employed
4447,ne,1937,1931,1990,True,Not employed
4447,ab,1931,1915,1990,True,Employed
4447,se,1915,1904,1990,True,Self-employed
4453,le,1917,1915,1990,True,Vocational training
4453,ab,1915,1914,1990,True,Employed
4453,le,1914,1912,1990,True,Vocational training
4453,ab,1912,1905,1990,True,Employed
4454,ab,1927,1926,1986,False,Employed
4454,ab,1926,1923,1986,False,Employed
4454,ab,1923,1906,1986,False,Employed
4454,ab,1906,1900,1986,False,Employed
4455,ab,1905,1904,1987,False,Employed
4455,ab,1904,1903,1987,False,Employed
4455,ab,1903,1902,1987,False,Employed
4455,ab,1902,1901,1987,False,Employed
4456,le,1905,1902,1986,False,Vocational training
4456,ab,1902,1900,1986,False,Employed
4459,le,1923,1920,1987,False,Vocational training
4459,ab,1920,1901,1987,False,Employed
4460,le,1916,1913,1988,False,Vocational training
4460,wz,1913,1912,1988,False,Military/Civil service
4460,ab,1912,1905,1988,False,Employed
4460,ab,1905,1902,1988,False,Employed
4464,ab,1910,1900,1986,False,Employed
4466,le,1918,1915,1988,False,Vocational training
4466,wz,1915,1914,1988,False,Military/Civil service
4466,ab,1914,1902,1988,False,Employed
4469,ab,1907,1902,1988,False,Employed
4470,se,1906,1905,1990,True,Self-employed
4470,ab,1905,1904,1990,True,Employed
4471,le,1921,1918,1990,True,Vocational training
4471,ab,1918,1910,1990,True,Employed
4471,ab,1910,1905,1990,True,Employed
4471,ab,1905,1904,1990,True,Employed
4473,le,1923,1920,1988,False,Vocational training
4473,wz,1920,1919,1988,False,Military/Civil service
4473,ab,1919,1913,1988,False,Employed
4473,ab,1913,1902,1988,False,Employed
4476,le,1924,1921,1990,True,Vocational training
4476,ab,1921,1918,1990,True,Employed
4476,se,1918,1915,1990,True,Self-employed
4476,ab,1915,1904,1990,True,Employed
4492,le,1914,1911,1990,True,Vocational training
4492,ab,1911,1910,1990,True,Employed
4492,ab,1910,1909,1990,True,Employed
4492,ab,1909,1908,1990,True,Employed
4492,ab,1908,1907,1990,True,Employed
4492,ab,1907,1906,1990,True,Employed
4492,ab,1906,1905,1990,True,Employed
4492,ab,1905,1904,1990,True,Employed
4493,ab,1908,1903,1987,False,Employed
4493,se,1903,1901,1987,False,Self-employed
4495,le,1930,1927,1988,False,Vocational training
4495,ab,1927,1926,1988,False,Employed
4495,ab,1926,1924,1988,False,Employed
4495,ab,1924,1921,1988,False,Employed
4495,ab,1921,1918,1988,False,Employed
4495,ab,1918,1916,1988,False,Employed
4495,se,1916,1912,1988,False,Self-employed
4495,ab,1912,1909,1988,False,Employed
4495,ab,1909,1902,1988,False,Employed
4497,le,1918,1916,1989,False,Vocational training
4497,ab,1916,1915,1989,False,Employed
4497,ne,1915,1913,1989,False,Not employed
4497,ab,1913,1910,1989,False,Employed
4497,ne,1910,1903,1989,False,Not employed
4501,le,1907,1904,1987,False,Vocational training
4501,ab,1904,1901,1987,False,Employed
4507,le,1924,1921,1990,True,Vocational training
4507,ab,1921,1915,1990,True,Employed
4507,ne,1915,1910,1990,True,Not employed
4507,ne,1910,1905,1990,True,Not employed
4507,se,1905,1902,1990,True,Self-employed
4519,le,1919,1916,1988,False,Vocational training
4519,ab,1916,1912,1988,False,Employed
4519,ab,1912,1906,1988,False,Employed
4519,ab,1906,1902,1988,False,Employed
4521,le,1912,1909,1990,True,Vocational training
4521,ab,1909,1904,1990,True,Employed
4523,le,1920,1917,1987,False,Vocational training
4523,ab,1917,1916,1987,False,Employed
4523,wz,1916,1914,1987,False,Military/Civil service
4523,ab,1914,1901,1987,False,Employed
4524,ab,1911,1906,1987,False,Employed
4524,se,1906,1901,1987,False,Self-employed
4525,se,1914,1905,1990,True,Self-employed
4526,le,1919,1917,1987,False,Vocational training
4526,ab,1917,1904,1987,False,Employed
4526,ab,1904,1901,1987,False,Employed
4528,ab,1910,1909,1988,False,Employed
4528,ab,1909,1905,1988,False,Employed
4528,ab,1905,1904,1988,False,Employed
4528,ab,1904,1902,1988,False,Employed
4532,ab,1913,1904,1990,True,Employed
4533,le,1927,1923,1990,True,Vocational training
4533,ab,1923,1919,1990,True,Employed
4533,wz,1919,1917,1990,True,Military/Civil service
4533,ab,1917,1904,1990,True,Employed
4540,le,1940,1937,1990,True,Vocational training
4540,ab,1937,1932,1990,True,Employed
4540,ne,1932,1927,1990,True,Not employed
4540,ab,1927,1917,1990,True,Employed
4541,wz,1909,1907,1987,False,Military/Civil service
4541,le,1907,1905,1987,False,Vocational training
4541,ab,1905,1903,1987,False,Employed
4541,ab,1903,1901,1987,False,Employed
4545,ab,1903,1901,1987,False,Employed
4546,ab,1903,1901,1987,False,Employed
4547,le,1925,1922,1986,False,Vocational training
4547,ab,1922,1916,1986,False,Employed
4547,ab,1916,1909,1986,False,Employed
4547,ab,1909,1904,1986,False,Employed
4547,ab,1904,1903,1986,False,Employed
4547,ab,1903,1901,1986,False,Employed
4549,le,1908,1905,1986,False,Vocational training
4549,ab,1905,1900,1986,False,Employed
4555,le,1913,1909,1986,False,Vocational training
4555,le,1909,1903,1986,False,Vocational training
4555,ne,1903,1900,1986,False,Not employed
4556,ab,1925,1923,1987,False,Employed
4556,ab,1923,1915,1987,False,Employed
4556,ab,1915,1911,1987,False,Employed
4556,ab,1911,1901,1987,False,Employed
4558,ab,1916,1911,1990,True,Employed
4558,ab,1911,1907,1990,True,Employed
4558,ab,1907,1904,1990,True,Employed
4560,le,1908,1906,1989,False,Vocational training
4560,ab,1906,1905,1989,False,Employed
4560,al,1905,1904,1989,False,Unemployed
4560,ab,1904,1903,1989,False,Employed
4562,le,1933,1930,1988,False,Vocational training
4562,ne,1930,1915,1988,False,Not employed
4562,se,1915,1911,1988,False,Self-employed
4562,ne,1911,1902,1988,False,Not employed
4563,ab,1930,1911,1990,True,Employed
4563,se,1911,1905,1990,True,Self-employed
4568,le,1937,1934,1990,True,Vocational training
4568,ab,1934,1926,1990,True,Employed
4568,se,1926,1905,1990,True,Self-employed
4572,le,1942,1939,1990,True,Vocational training
4572,ab,1939,1905,1990,True,Employed
4583,le,1928,1924,1990,True,Vocational training
4583,ab,1924,1921,1990,True,Employed
4583,wz,1921,1920,1990,True,Military/Civil service
4583,ab,1920,1917,1990,True,Employed
4583,se,1917,1905,1990,True,Self-employed
4585,le,1927,1924,1990,True,Vocational training
4585,wz,1924,1922,1990,True,Military/Civil service
4585,ab,1922,1920,1990,True,Employed
4585,ab,1920,1918,1990,True,Employed
4585,ab,1918,1905,1990,True,Employed
4588,ab,1907,1905,1990,True,Employed
4590,ab,1914,1905,1990,True,Employed
4592,ab,1915,1913,1990,True,Employed
4592,ab,1913,1911,1990,True,Employed
4592,ab,1911,1909,1990,True,Employed
4592,ab,1909,1907,1990,True,Employed
4592,le,1907,1905,1990,True,Vocational training
4595,ab,1922,1918,1990,True,Employed
4595,ab,1918,1914,1990,True,Employed
4595,se,1914,1905,1990,True,Self-employed
4600,le,1933,1928,1990,True,Vocational training
4600,ab,1928,1917,1990,True,Employed
4600,ab,1917,1907,1990,True,Employed
4600,se,1907,1905,1990,True,Self-employed
4605,le,1930,1929,1990,True,Vocational training
4605,wz,1929,1925,1990,True,Military/Civil service
4605,le,1925,1924,1990,True,Vocational training
4605,ab,1924,1905,1990,True,Employed
4606,le,1923,1918,1990,True,Vocational training
4606,ab,1918,1911,1990,True,Employed
4606,ne,1911,1909,1990,True,Not employed
4606,ab,1909,1907,1990,True,Employed
4606,ne,1907,1905,1990,True,Not employed
4610,ab,1935,1920,1990,True,Employed
4610,ab,1920,1910,1990,True,Employed
4610,ab,1910,1906,1990,True,Employed
4610,se,1906,1905,1990,True,Self-employed
4611,ab,1913,1908,1990,True,Employed
4611,ab,1908,1905,1990,True,Employed
4613,ab,1927,1921,1990,True,Employed
4613,ne,1921,1905,1990,True,Not employed
4614,ab,1926,1905,1990,True,Employed
4617,le,1930,1927,1989,False,Vocational training
4617,le,1927,1925,1989,False,Vocational training
4617,ab,1925,1920,1989,False,Employed
4617,le,1920,1917,1989,False,Vocational training
4617,ab,1917,1910,1989,False,Employed
4617,se,1910,1906,1989,False,Self-employed
4617,se,1906,1904,1989,False,Self-employed
4618,ab,1914,1910,1990,True,Employed
4618,ab,1910,1906,1990,True,Employed
4618,se,1906,1905,1990,True,Self-employed
4619,ab,1912,1910,1990,True,Employed
4619,se,1910,1905,1990,True,Self-employed
4622,wz,1925,1923,1990,True,Military/Civil service
4622,ab,1923,1919,1990,True,Employed
4622,ne,1919,1915,1990,True,Not employed
4622,ab,1915,1912,1990,True,Employed
4622,ne,1912,1908,1990,True,Not employed
4622,ab,1908,1905,1990,True,Employed
4626,le,1907,1905,1990,True,Vocational training
4627,ne,1908,1905,1990,True,Not employed
4631,ab,1922,1905,1990,True,Employed
4636,le,1937,1934,1990,True,Vocational training
4636,ab,1934,1931,1990,True,Employed
4636,wz,1931,1930,1990,True,Military/Civil service
4636,le,1930,1927,1990,True,Vocational training
4636,ab,1927,1912,1990,True,Employed
4636,se,1912,1905,1990,True,Self-employed
4637,le,1929,1927,1990,True,Vocational training
4637,ab,1927,1905,1990,True,Employed
4638,ab,1911,1905,1990,True,Employed
4640,ab,1927,1926,1990,True,Employed
4640,se,1926,1925,1990,True,Self-employed
4640,se,1925,1905,1990,True,Self-employed
4641,le,1956,1952,1990,True,Vocational training
4641,ab,1952,1951,1990,True,Employed
4641,wz,1951,1945,1990,True,Military/Civil service
4641,se,1945,1905,1990,True,Self-employed
4642,ab,1921,1905,1990,True,Employed
4643,ne,1923,1922,1990,True,Not employed
4643,ab,1922,1921,1990,True,Employed
4643,se,1921,1910,1990,True,Self-employed
4643,se,1910,1905,1990,True,Self-employed
4645,ab,1939,1935,1990,True,Employed
4645,ab,1935,1930,1990,True,Employed
4645,ab,1930,1923,1990,True,Employed
4645,ab,1923,1918,1990,True,Employed
4645,ab,1918,1915,1990,True,Employed
4645,ab,1915,1908,1990,True,Employed
4645,ab,1908,1905,1990,True,Employed
4646,le,1917,1916,1990,True,Vocational training
4646,ab,1916,1910,1990,True,Employed
4646,se,1910,1908,1990,True,Self-employed
4646,ab,1908,1905,1990,True,Employed
4647,ab,1923,1916,1990,True,Employed
4647,ab,1916,1905,1990,True,Employed
4650,ab,1923,1922,1990,True,Employed
4650,ab,1922,1921,1990,True,Employed
4650,se,1921,1905,1990,True,Self-employed
4652,ab,1912,1904,1990,True,Employed
4654,ab,1922,1909,1990,True,Employed
4654,se,1909,1905,1990,True,Self-employed
4655,le,1925,1922,1990,True,Vocational training
4655,wz,1922,1921,1990,True,Military/Civil service
4655,le,1921,1918,1990,True,Vocational training
4655,ab,1918,1915,1990,True,Employed
4655,ne,1915,1912,1990,True,Not employed
4655,ab,1912,1905,1990,True,Employed
4661,le,1936,1933,1990,True,Vocational training
4661,ne,1933,1931,1990,True,Not employed
4661,ab,1931,1905,1990,True,Employed
4662,le,1918,1915,1990,True,Vocational training
4662,ab,1915,1905,1990,True,Employed
4665,le,1913,1910,1990,True,Vocational training
4665,ab,1910,1905,1990,True,Employed
4669,le,1939,1937,1990,True,Vocational training
4669,ab,1937,1936,1990,True,Employed
4669,wz,1936,1934,1990,True,Military/Civil service
4669,ab,1934,1933,1990,True,Employed
4669,le,1933,1932,1990,True,Vocational training
4669,ab,1932,1905,1990,True,Employed
4671,ab,1914,1910,1990,True,Employed
4671,ab,1910,1908,1990,True,Employed
4671,ab,1908,1905,1990,True,Employed
4674,le,1920,1917,1990,True,Vocational training
4674,ab,1917,1916,1990,True,Employed
4674,ab,1916,1915,1990,True,Employed
4674,ab,1915,1913,1990,True,Employed
4674,ab,1913,1912,1990,True,Employed
4674,ab,1912,1911,1990,True,Employed
4674,ab,1911,1910,1990,True,Employed
4674,ab,1910,1909,1990,True,Employed
4674,ab,1909,1903,1990,True,Employed
4675,ab,1914,1907,1990,True,Employed
4675,se,1907,1905,1990,True,Self-employed
4678,le,1938,1935,1990,True,Vocational training
4678,ab,1935,1926,1990,True,Employed
4678,ab,1926,1916,1990,True,Employed
4678,ab,1916,1905,1990,True,Employed
4683,ab,1918,1916,1990,True,Employed
4683,ab,1916,1910,1990,True,Employed
4683,ab,1910,1905,1990,True,Employed
4685,ab,1921,1905,1990,True,Employed
4686,ab,1929,1926,1990,True,Employed
4686,ab,1926,1916,1990,True,Employed
4686,se,1916,1905,1990,True,Self-employed
4689,le,1927,1924,1990,True,Vocational training
4689,ab,1924,1905,1990,True,Employed
4690,le,1926,1924,1990,True,Vocational training
4690,ab,1924,1918,1990,True,Employed
4690,se,1918,1904,1990,True,Self-employed
4691,ab,1925,1919,1990,True,Employed
4691,se,1919,1904,1990,True,Self-employed
4693,ab,1922,1921,1990,True,Employed
4693,se,1921,1915,1990,True,Self-employed
4693,se,1915,1905,1990,True,Self-employed
4697,le,1931,1928,1990,True,Vocational training
4697,ab,1928,1924,1990,True,Employed
4697,ab,1924,1920,1990,True,Employed
4697,se,1920,1904,1990,True,Self-employed
4698,wz,1914,1912,1990,True,Military/Civil service
4698,ab,1912,1911,1990,True,Employed
4698,ab,1911,1909,1990,True,Employed
4698,ab,1909,1905,1990,True,Employed
4701,ab,1918,1906,1990,True,Employed
4701,se,1906,1904,1990,True,Self-employed
4702,le,1926,1923,1990,True,Vocational training
4702,ab,1923,1911,1990,True,Employed
4702,ab,1911,1908,1990,True,Employed
4702,se,1908,1904,1990,True,Self-employed
4703,le,1939,1936,1990,True,Vocational training
4703,ab,1936,1905,1990,True,Employed
4707,le,1935,1931,1990,True,Vocational training
4707,ab,1931,1905,1990,True,Employed
4708,ab,1916,1909,1990,True,Employed
4708,ab,1909,1907,1990,True,Employed
4708,se,1907,1906,1990,True,Self-employed
4708,se,1906,1905,1990,True,Self-employed
4709,ab,1915,1914,1990,True,Employed
4709,ab,1914,1905,1990,True,Employed
4709,se,1905,1904,1990,True,Self-employed
4711,ab,1922,1912,1990,True,Employed
4711,ab,1912,1910,1990,True,Employed
4711,ab,1910,1904,1990,True,Employed
4717,le,1925,1921,1990,True,Vocational training
4717,ab,1921,1919,1990,True,Employed
4717,ab,1919,1904,1990,True,Employed
4718,le,1927,1925,1990,True,Vocational training
4718,ab,1925,1921,1990,True,Employed
4718,ne,1921,1920,1990,True,Not employed
4718,ab,1920,1912,1990,True,Employed
4718,ab,1912,1904,1990,True,Employed
4724,ab,1925,1908,1990,True,Employed
4724,ab,1908,1905,1990,True,Employed
4727,ab,1912,1905,1990,True,Employed
4728,ab,1922,1910,1990,True,Employed
4728,se,1910,1904,1990,True,Self-employed
4729,ab,1934,1926,1990,True,Employed
4729,se,1926,1904,1990,True,Self-employed
4730,ab,1929,1927,1990,True,Employed
4730,ne,1927,1924,1990,True,Not employed
4730,se,1924,1904,1990,True,Self-employed
4731,le,1929,1926,1990,True,Vocational training
4731,ab,1926,1922,1990,True,Employed
4731,wz,1922,1921,1990,True,Military/Civil service
4731,ab,1921,1904,1990,True,Employed
4733,ab,1918,1913,1990,True,Employed
4733,se,1913,1904,1990,True,Self-employed
4736,le,1917,1915,1990,True,Vocational training
4736,wz,1915,1914,1990,True,Military/Civil service
4736,ab,1914,1913,1990,True,Employed
4736,ne,1913,1911,1990,True,Not employed
4736,ab,1911,1904,1990,True,Employed
4740,ab,1929,1928,1990,True,Employed
4740,se,1928,1923,1990,True,Self-employed
4740,se,1923,1904,1990,True,Self-employed
4743,le,1913,1911,1990,True,Vocational training
4743,le,1911,1909,1990,True,Vocational training
4743,ab,1909,1908,1990,True,Employed
4743,le,1908,1906,1990,True,Vocational training
4743,ab,1906,1904,1990,True,Employed
4744,ab,1910,1906,1990,True,Employed
4744,se,1906,1904,1990,True,Self-employed
4747,ab,1917,1914,1990,True,Employed
4747,ab,1914,1912,1990,True,Employed
4747,ab,1912,1904,1990,True,Employed
4748,le,1928,1924,1990,True,Vocational training
4748,ne,1924,1923,1990,True,Not employed
4748,ab,1923,1920,1990,True,Employed
4748,ne,1920,1918,1990,True,Not employed
4748,ab,1918,1905,1990,True,Employed
4748,se,1905,1904,1990,True,Self-employed
4750,ab,1912,1906,1986,False,Employed
4750,se,1906,1901,1986,False,Self-employed
4751,le,1954,1951,1990,True,Vocational training
4751,ab,1951,1949,1990,True,Employed
4751,wz,1949,1945,1990,True,Military/Civil service
4751,ab,1945,1942,1990,True,Employed
4751,ne,1942,1941,1990,True,Not employed
4751,al,1941,1940,1990,True,Unemployed
4751,se,1940,1904,1990,True,Self-employed
4754,ab,1931,1930,1990,True,Employed
4754,wz,1930,1929,1990,True,Military/Civil service
4754,ab,1929,1923,1990,True,Employed
4754,ab,1923,1921,1990,True,Employed
4754,ab,1921,1919,1990,True,Employed
4754,se,1919,1916,1990,True,Self-employed
4754,ab,1916,1904,1990,True,Employed
4759,le,1930,1926,1990,True,Vocational training
4759,ab,1926,1919,1990,True,Employed
4759,ab,1919,1917,1990,True,Employed
4759,ab,1917,1908,1990,True,Employed
4759,se,1908,1904,1990,True,Self-employed
4763,ne,1909,1904,1990,True,Not employed
4766,se,1916,1910,1990,True,Self-employed
4766,se,1910,1904,1990,True,Self-employed
4768,le,1907,1904,1988,False,Vocational training
4768,ab,1904,1903,1988,False,Employed
4770,ab,1930,1925,1990,True,Employed
4770,se,1925,1910,1990,True,Self-employed
4770,ab,1910,1905,1990,True,Employed
4770,se,1905,1904,1990,True,Self-employed
4774,le,1935,1932,1990,True,Vocational training
4774,ab,1932,1930,1990,True,Employed
4774,ab,1930,1928,1990,True,Employed
4774,ab,1928,1923,1990,True,Employed
4774,ab,1923,1920,1990,True,Employed
4774,se,1920,1915,1990,True,Self-employed
4781,ab,1915,1910,1990,True,Employed
4781,ab,1910,1904,1990,True,Employed
4782,ab,1923,1920,1990,True,Employed
4782,se,1920,1905,1990,True,Self-employed
4782,se,1905,1904,1990,True,Self-employed
4785,ab,1914,1906,1990,True,Employed
4785,se,1906,1904,1990,True,Self-employed
4787,ab,1933,1925,1990,True,Employed
4787,ab,1925,1911,1990,True,Employed
4787,ab,1911,1904,1990,True,Employed
4788,ab,1918,1904,1990,True,Employed
4789,se,1907,1904,1990,True,Self-employed
4791,ab,1906,1904,1990,True,Employed
4792,se,1940,1918,1990,True,Self-employed
4792,se,1918,1905,1990,True,Self-employed
4792,se,1905,1904,1990,True,Self-employed
4797,wz,1920,1919,1990,True,Military/Civil service
4797,ab,1919,1916,1990,True,Employed
4797,le,1916,1915,1990,True,Vocational training
4797,al,1915,1914,1990,True,Unemployed
4797,ab,1914,1910,1990,True,Employed
4797,ab,1910,1907,1990,True,Employed
4797,ab,1907,1905,1990,True,Employed
4797,se,1905,1904,1990,True,Self-employed
4798,ab,1932,1904,1990,True,Employed
4802,le,1925,1922,1990,True,Vocational training
4802,ab,1922,1907,1990,True,Employed
4802,se,1907,1904,1990,True,Self-employed
4803,ab,1921,1919,1990,True,Employed
4803,ab,1919,1918,1990,True,Employed
4803,ab,1918,1915,1990,True,Employed
4803,ab,1915,1905,1990,True,Employed
4803,se,1905,1904,1990,True,Self-employed
4804,le,1928,1926,1990,True,Vocational training
4804,ab,1926,1920,1990,True,Employed
4804,ab,1920,1910,1990,True,Employed
4804,al,1910,1909,1990,True,Unemployed
4805,le,1912,1909,1990,True,Vocational training
4805,ab,1909,1908,1990,True,Employed
4805,se,1908,1904,1990,True,Self-employed
4806,le,1914,1911,1990,True,Vocational training
4806,ab,1911,1910,1990,True,Employed
4806,wz,1910,1909,1990,True,Military/Civil service
4806,ab,1909,1904,1990,True,Employed
4807,ab,1920,1912,1990,True,Employed
4807,se,1912,1904,1990,True,Self-employed
4810,le,1941,1939,1990,True,Vocational training
4810,ab,1939,1911,1990,True,Employed
4810,se,1911,1904,1990,True,Self-employed
4811,le,1920,1918,1990,True,Vocational training
4811,ab,1918,1904,1990,True,Employed
4813,le,1935,1932,1990,True,Vocational training
4813,ab,1932,1931,1990,True,Employed
4813,le,1931,1927,1990,True,Vocational training
4813,le,1927,1922,1990,True,Vocational training
4813,ab,1922,1905,1990,True,Employed
4813,se,1905,1904,1990,True,Self-employed
4822,ab,1926,1921,1990,True,Employed
4822,ab,1921,1916,1990,True,Employed
4822,ab,1916,1906,1990,True,Employed
4822,se,1906,1904,1990,True,Self-employed
4827,wz,1908,1906,1987,False,Military/Civil service
4827,le,1906,1902,1987,False,Vocational training
4828,le,1920,1917,1990,True,Vocational training
4828,ab,1917,1907,1990,True,Employed
4828,ab,1907,1905,1990,True,Employed
4836,le,1922,1918,1990,True,Vocational training
4836,le,1918,1916,1990,True,Vocational training
4836,wz,1916,1912,1990,True,Military/Civil service
4836,ab,1912,1908,1990,True,Employed
4836,ab,1908,1905,1990,True,Employed
4837,le,1933,1930,1990,True,Vocational training
4837,ab,1930,1920,1990,True,Employed
4837,se,1920,1905,1990,True,Self-employed
4840,le,1934,1932,1990,True,Vocational training
4840,ab,1932,1929,1990,True,Employed
4840,ab,1929,1924,1990,True,Employed
4840,ab,1924,1920,1990,True,Employed
4840,ab,1920,1905,1990,True,Employed
4845,le,1916,1913,1990,True,Vocational training
4845,ab,1913,1907,1990,True,Employed
4845,ab,1907,1905,1990,True,Employed
4848,le,1921,1917,1990,True,Vocational training
4848,wz,1917,1915,1990,True,Military/Civil service
4848,ab,1915,1912,1990,True,Employed
4848,ab,1912,1905,1990,True,Employed
4850,le,1920,1917,1990,True,Vocational training
4850,ab,1917,1905,1990,True,Employed
4859,le,1919,1916,1990,True,Vocational training
4859,ab,1916,1905,1990,True,Employed
4862,le,1921,1918,1990,True,Vocational training
4862,se,1918,1905,1990,True,Self-employed
4863,le,1940,1937,1990,False,Vocational training
4863,ab,1937,1930,1990,False,Employed
4863,ab,1930,1925,1990,False,Employed
4863,se,1925,1917,1990,False,Self-employed
4863,se,1917,1905,1990,False,Self-employed
4884,ab,1933,1913,1990,True,Employed
4884,se,1913,1905,1990,True,Self-employed
4888,le,1925,1923,1990,True,Vocational training
4888,wz,1923,1922,1990,True,Military/Civil service
4888,ne,1922,1919,1990,True,Not employed
4888,ab,1919,1905,1990,True,Employed
4895,le,1931,1927,1990,True,Vocational training
4895,ne,1927,1922,1990,True,Not employed
4895,ab,1922,1905,1990,True,Employed
4903,le,1934,1931,1990,True,Vocational training
4903,ab,1931,1923,1990,True,Employed
4903,ab,1923,1921,1990,True,Employed
4903,se,1921,1913,1990,True,Self-employed
4903,ab,1913,1910,1990,True,Employed
4913,le,1924,1921,1990,True,Vocational training
4913,wz,1921,1919,1990,True,Military/Civil service
4913,ab,1919,1905,1990,True,Employed
4916,ab,1925,1924,1990,True,Employed
4916,wz,1924,1923,1990,True,Military/Civil service
4916,ab,1923,1905,1990,True,Employed
4927,le,1926,1923,1990,True,Vocational training
4927,ab,1923,1905,1990,True,Employed
4937,le,1928,1925,1990,True,Vocational training
4937,wz,1925,1923,1990,True,Military/Civil service
4937,ab,1923,1920,1990,True,Employed
4937,ab,1920,1905,1990,True,Employed
4938,le,1934,1931,1990,True,Vocational training
4938,ab,1931,1929,1990,True,Employed
4938,wz,1929,1927,1990,True,Military/Civil service
4938,ab,1927,1923,1990,True,Employed
4938,ab,1923,1912,1990,True,Employed
4938,ab,1912,1905,1990,True,Employed
4940,le,1928,1925,1990,True,Vocational training
4940,ab,1925,1922,1990,True,Employed
4940,ab,1922,1905,1990,True,Employed
4947,le,1933,1929,1990,True,Vocational training
4947,ne,1929,1925,1990,True,Not employed
4947,ab,1925,1921,1990,True,Employed
4947,ab,1921,1917,1990,True,Employed
4947,ab,1917,1912,1990,True,Employed
4947,ab,1912,1906,1990,True,Employed
4947,ab,1906,1905,1990,True,Employed
4950,le,1934,1933,1990,True,Vocational training
4950,ne,1933,1927,1990,True,Not employed
4950,se,1927,1926,1990,True,Self-employed
4950,se,1926,1925,1990,True,Self-employed
4950,ab,1925,1905,1990,True,Employed
4953,wz,1951,1945,1990,True,Military/Civil service
4953,se,1945,1905,1990,True,Self-employed
4955,le,1912,1910,1990,True,Vocational training
4955,ab,1910,1909,1990,True,Employed
4955,ab,1909,1907,1990,True,Employed
4955,se,1907,1905,1990,True,Self-employed
4956,le,1953,1951,1990,True,Vocational training
4956,wz,1951,1944,1990,True,Military/Civil service
4956,ab,1944,1940,1990,True,Employed
4956,se,1940,1905,1990,True,Self-employed
4958,ab,1940,1924,1990,True,Employed
4958,se,1924,1905,1990,True,Self-employed
4962,le,1946,1943,1990,True,Vocational training
4962,ab,1943,1931,1990,True,Employed
4962,ab,1931,1905,1990,True,Employed
4968,le,1945,1942,1990,True,Vocational training
4968,ab,1942,1937,1990,True,Employed
4968,le,1937,1936,1990,True,Vocational training
4968,ab,1936,1934,1990,True,Employed
4968,ab,1934,1931,1990,True,Employed
4968,se,1931,1925,1990,True,Self-employed
4968,se,1925,1905,1990,True,Self-employed
4977,le,1919,1915,1990,True,Vocational training
4977,ab,1915,1912,1990,True,Employed
4977,ne,1912,1911,1990,True,Not employed
4977,ab,1911,1905,1990,True,Employed
4982,le,1924,1922,1990,True,Vocational training
4982,ab,1922,1921,1990,True,Employed
4982,ab,1921,1919,1990,True,Employed
4982,ne,1919,1916,1990,True,Not employed
4982,ab,1916,1911,1990,True,Employed
4982,ab,1911,1907,1990,True,Employed
4982,ab,1907,1905,1990,True,Employed
4984,le,1936,1934,1990,True,Vocational training
4984,ab,1934,1930,1990,True,Employed
4984,se,1930,1916,1990,True,Self-employed
4984,ab,1916,1905,1990,True,Employed
4986,le,1940,1937,1990,True,Vocational training
4986,ab,1937,1929,1990,True,Employed
4986,se,1929,1905,1990,True,Self-employed
4990,ab,1909,1908,1990,True,Employed
4990,ne,1908,1905,1990,True,Not employed
5000,le,1926,1923,1990,True,Vocational training
5000,ab,1923,1921,1990,True,Employed
5000,wz,1921,1919,1990,True,Military/Civil service
5000,ab,1919,1917,1990,True,Employed
5000,ab,1917,1915,1990,True,Employed
5000,ab,1915,1912,1990,True,Employed
5000,ab,1912,1910,1990,True,Employed
5000,se,1910,1905,1990,True,Self-employed
5001,wz,1907,1905,1990,True,Military/Civil service
5005,ab,1910,1905,1990,True,Employed
5010,ab,1925,1905,1990,True,Employed
5018,le,1940,1937,1990,True,Vocational training
5018,ab,1937,1911,1990,True,Employed
5018,se,1911,1905,1990,True,Self-employed
5026,le,1926,1923,1990,True,Vocational training
5026,wz,1923,1922,1990,True,Military/Civil service
5026,ab,1922,1920,1990,True,Employed
5026,ab,1920,1918,1990,True,Employed
5026,ab,1918,1912,1990,True,Employed
5026,ab,1912,1905,1990,True,Employed
5035,ab,1916,1915,1990,True,Employed
5035,ab,1915,1912,1990,True,Employed
5035,ab,1912,1910,1990,True,Employed
5035,ab,1910,1905,1990,True,Employed
5039,ab,1918,1917,1990,True,Employed
5039,ab,1917,1913,1990,True,Employed
5039,se,1913,1905,1990,True,Self-employed
5048,le,1925,1922,1990,True,Vocational training
5048,ab,1922,1921,1990,True,Employed
5048,ne,1921,1920,1990,True,Not employed
5048,le,1920,1917,1990,True,Vocational training
5048,ab,1917,1915,1990,True,Employed
5048,ab,1915,1905,1990,True,Employed
5052,ne,1922,1920,1990,True,Not employed
5052,ab,1920,1917,1990,True,Employed
5052,se,1917,1916,1990,True,Self-employed
5052,ab,1916,1905,1990,True,Employed
5061,ab,1920,1917,1990,True,Employed
5061,ab,1917,1916,1990,True,Employed
5061,ab,1916,1907,1990,True,Employed
5061,se,1907,1904,1990,True,Self-employed
5064,le,1920,1917,1990,True,Vocational training
5064,ne,1917,1916,1990,True,Not employed
5064,ab,1916,1914,1990,True,Employed
5064,ab,1914,1913,1990,True,Employed
5064,se,1913,1905,1990,True,Self-employed
5064,se,1905,1904,1990,True,Self-employed
5065,le,1931,1928,1990,True,Vocational training
5065,ab,1928,1922,1990,True,Employed
5065,ab,1922,1915,1990,True,Employed
5065,se,1915,1909,1990,True,Self-employed
5065,se,1909,1905,1990,True,Self-employed
5067,ab,1907,1904,1990,True,Employed
5072,le,1932,1930,1990,True,Vocational training
5072,ab,1930,1926,1990,True,Employed
5072,ab,1926,1925,1990,True,Employed
5072,se,1925,1905,1990,True,Self-employed
5075,le,1929,1926,1990,True,Vocational training
5075,ab,1926,1912,1990,True,Employed
5075,se,1912,1911,1990,True,Self-employed
5075,ab,1911,1909,1990,True,Employed
5075,se,1909,1905,1990,True,Self-employed
5078,ab,1921,1904,1990,True,Employed
5085,ab,1918,1912,1990,True,Employed
5085,le,1912,1910,1990,True,Vocational training
5085,ab,1910,1908,1990,True,Employed
5085,ab,1908,1905,1990,True,Employed
5087,ab,1912,1901,1987,False,Employed
5094,le,1934,1931,1990,True,Vocational training
5094,wz,1931,1930,1990,True,Military/Civil service
5094,ab,1930,1911,1990,True,Employed
5094,se,1911,1904,1990,True,Self-employed
5098,le,1940,1937,1990,True,Vocational training
5098,ab,1937,1904,1990,True,Employed
5099,le,1934,1931,1990,True,Vocational training
5099,ab,1931,1927,1990,True,Employed
5099,ne,1927,1921,1990,True,Not employed
5099,ab,1921,1918,1990,True,Employed
5099,se,1918,1904,1990,True,Self-employed
5106,le,1923,1920,1990,True,Vocational training
5106,ab,1920,1907,1990,True,Employed
5106,se,1907,1905,1990,True,Self-employed
5106,le,1905,1902,1990,True,Vocational training
5111,wz,1917,1916,1989,False,Military/Civil service
5111,ne,1916,1911,1989,False,Not employed
5111,se,1911,1906,1989,False,Self-employed
5111,se,1906,1903,1989,False,Self-employed
5113,ab,1913,1904,1990,True,Employed
5126,le,1924,1921,1990,True,Vocational training
5126,le,1921,1920,1990,True,Vocational training
5126,ne,1920,1918,1990,True,Not employed
5126,ab,1918,1915,1990,True,Employed
5126,se,1915,1904,1990,True,Self-employed
5127,le,1912,1909,1990,True,Vocational training
5127,ab,1909,1904,1990,True,Employed
5136,le,1927,1923,1990,True,Vocational training
5136,ab,1923,1911,1990,True,Employed
5136,se,1911,1904,1990,True,Self-employed
5145,le,1934,1933,1990,True,Vocational training
5145,le,1933,1932,1990,True,Vocational training
5145,ab,1932,1929,1990,True,Employed
5145,ne,1929,1910,1990,True,Not employed
5145,se,1910,1904,1990,True,Self-employed
5149,ab,1916,1911,1990,True,Employed
5149,ab,1911,1908,1990,True,Employed
5149,se,1908,1904,1990,True,Self-employed
5154,ab,1938,1915,1990,True,Employed
5154,se,1915,1904,1990,True,Self-employed
5159,ab,1924,1914,1990,True,Employed
5159,ab,1914,1911,1990,True,Employed
5159,se,1911,1904,1990,True,Self-employed
5162,ab,1907,1904,1990,True,Employed
5165,wz,1918,1917,1990,True,Military/Civil service
5165,se,1917,1904,1990,True,Self-employed
5168,le,1921,1918,1990,True,Vocational training
5168,ab,1918,1906,1990,True,Employed
5168,se,1906,1904,1990,True,Self-employed
5173,ab,1911,1909,1990,True,Employed
5173,se,1909,1904,1990,True,Self-employed
5176,le,1918,1915,1990,True,Vocational training
5176,ab,1915,1910,1990,True,Employed
5176,ne,1910,1904,1990,True,Not employed
5177,le,1920,1917,1990,True,Vocational training
5177,ab,1917,1905,1990,True,Employed
5177,al,1905,1904,1990,True,Unemployed
5178,wz,1951,1945,1990,True,Military/Civil service
5178,ab,1945,1926,1990,True,Employed
5178,se,1926,1904,1990,True,Self-employed
5180,ab,1921,1910,1990,True,Employed
5180,ab,1910,1904,1990,True,Employed
5181,ab,1922,1904,1990,True,Employed
5190,ne,1906,1904,1990,True,Not employed
5192,ab,1920,1912,1990,True,Employed
5192,se,1912,1908,1990,True,Self-employed
5192,se,1908,1906,1990,True,Self-employed
5192,se,1906,1904,1990,True,Self-employed
5194,le,1924,1921,1990,True,Vocational training
5194,le,1921,1919,1990,True,Vocational training
5194,ab,1919,1913,1990,True,Employed
5194,le,1913,1911,1990,True,Vocational training
5194,ne,1911,1904,1990,True,Not employed
5204,le,1932,1929,1990,True,Vocational training
5204,ab,1929,1916,1990,True,Employed
5204,se,1916,1912,1990,True,Self-employed
5204,se,1912,1908,1990,True,Self-employed
5204,se,1908,1904,1990,True,Self-employed
5206,wz,1946,1941,1986,False,Military/Civil service
5206,ne,1941,1939,1986,False,Not employed
5206,ab,1939,1925,1986,False,Employed
5208,se,1914,1913,1990,True,Self-employed
5208,al,1913,1912,1990,True,Unemployed
5208,ab,1912,1906,1990,True,Employed
5208,se,1906,1904,1990,True,Self-employed
5219,ab,1908,1904,1990,True,Employed
5223,ab,1924,1920,1990,True,Employed
5223,ab,1920,1917,1990,True,Employed
5223,ab,1917,1914,1990,True,Employed
5223,ab,1914,1904,1990,True,Employed
5229,le,1935,1932,1990,True,Vocational training
5229,ab,1932,1924,1990,True,Employed
5229,ab,1924,1910,1990,True,Employed
5229,se,1910,1904,1990,True,Self-employed
5238,ab,1923,1917,1990,True,Employed
5238,se,1917,1904,1990,True,Self-employed
5239,le,1922,1919,1990,True,Vocational training
5239,ab,1919,1918,1990,True,Employed
5239,ab,1918,1909,1990,True,Employed
5239,ab,1909,1907,1990,True,Employed
5239,ab,1907,1904,1990,True,Employed
5241,le,1926,1922,1990,True,Vocational training
5241,ab,1922,1909,1990,True,Employed
5241,ab,1909,1904,1990,True,Employed
5242,le,1913,1911,1990,True,Vocational training
5242,ab,1911,1910,1990,True,Employed
5242,wz,1910,1909,1990,True,Military/Civil service
5242,ab,1909,1905,1990,True,Employed
5242,ab,1905,1904,1990,True,Employed
5253,le,1924,1921,1990,True,Vocational training
5253,ne,1921,1914,1990,True,Not employed
5253,ab,1914,1904,1990,True,Employed
5264,le,1924,1921,1988,False,Vocational training
5264,ab,1921,1908,1988,False,Employed
5264,se,1908,1902,1988,False,Self-employed
5266,ab,1919,1916,1990,True,Employed
5266,se,1916,1904,1990,True,Self-employed
5267,le,1944,1941,1990,True,Vocational training
5267,ab,1941,1908,1990,True,Employed
5267,le,1908,1907,1990,True,Vocational training
5267,se,1907,1904,1990,True,Self-employed
5269,le,1939,1936,1990,True,Vocational training
5269,wz,1936,1934,1990,True,Military/Civil service
5269,ab,1934,1930,1990,True,Employed
5269,se,1930,1914,1990,True,Self-employed
5283,le,1912,1909,1990,True,Vocational training
5283,ab,1909,1904,1990,True,Employed
5284,le,1937,1934,1990,True,Vocational training
5284,ne,1934,1923,1990,True,Not employed
5284,ab,1923,1914,1990,True,Employed
5284,ab,1914,1904,1990,True,Employed
5288,ab,1924,1904,1990,True,Employed
5289,le,1932,1929,1990,True,Vocational training
5289,wz,1929,1927,1990,True,Military/Civil service
5289,ab,1927,1920,1990,True,Employed
5289,ab,1920,1912,1990,True,Employed
5289,se,1912,1910,1990,True,Self-employed
5289,ab,1910,1904,1990,True,Employed
5295,le,1930,1926,1990,True,Vocational training
5295,ab,1926,1916,1990,True,Employed
5295,ab,1916,1904,1990,True,Employed
5313,le,1937,1935,1990,True,Vocational training
5313,ab,1935,1904,1990,True,Employed
5316,le,1930,1927,1990,True,Vocational training
5316,wz,1927,1926,1990,True,Military/Civil service
5316,ab,1926,1908,1990,True,Employed
5316,ab,1908,1904,1990,True,Employed
5322,ab,1914,1910,1990,True,Employed
5322,ab,1910,1908,1990,True,Employed
5322,se,1908,1905,1990,True,Self-employed
5325,se,1932,1904,1990,True,Self-employed
5330,ab,1908,1905,1990,True,Employed
5330,se,1905,1904,1990,True,Self-employed
5334,ab,1923,1903,1990,True,Employed
5335,le,1941,1939,1990,True,Vocational training
5335,ne,1939,1936,1990,True,Not employed
5335,ab,1936,1921,1990,True,Employed
5335,ne,1921,1919,1990,True,Not employed
5335,ab,1919,1910,1990,True,Employed
5335,se,1910,1904,1990,True,Self-employed
5347,ab,1915,1914,1990,True,Employed
5347,ab,1914,1911,1990,True,Employed
5347,ab,1911,1906,1990,True,Employed
5347,ab,1906,1904,1990,True,Employed
5349,le,1932,1929,1990,True,Vocational training
5349,ab,1929,1922,1990,True,Employed
5349,ne,1922,1904,1990,True,Not employed
5350,le,1931,1929,1990,True,Vocational training
5350,ab,1929,1915,1990,True,Employed
5350,ne,1915,1911,1990,True,Not employed
5350,se,1911,1908,1990,True,Self-employed
5350,se,1908,1905,1990,True,Self-employed
5354,se,1908,1907,1990,True,Self-employed
5354,se,1907,1904,1990,True,Self-employed
5355,le,1917,1914,1990,True,Vocational training
5355,ab,1914,1905,1990,True,Employed
5361,ab,1903,1901,1986,False,Employed
5362,le,1935,1932,1988,False,Vocational training
5362,ab,1932,1921,1988,False,Employed
5362,se,1921,1903,1988,False,Self-employed
5363,le,1913,1909,1985,False,Vocational training
5363,le,1909,1908,1985,False,Vocational training
5363,wz,1908,1907,1985,False,Military/Civil service
5363,ab,1907,1906,1985,False,Employed
5363,le,1906,1905,1985,False,Vocational training
5363,ab,1905,1904,1985,False,Employed
5363,le,1904,1902,1985,False,Vocational training
5363,ne,1902,1901,1985,False,Not employed
5363,ab,1901,1900,1985,False,Employed
5364,le,1920,1918,1988,False,Vocational training
5364,ab,1918,1910,1988,False,Employed
5364,ne,1910,1903,1988,False,Not employed
5364,se,1903,1902,1988,False,Self-employed
5365,ab,1928,1922,1988,False,Employed
5365,ne,1922,1903,1988,False,Not employed
5376,wz,1910,1908,1990,True,Military/Civil service
5376,le,1908,1906,1990,True,Vocational training
5376,ab,1906,1905,1990,True,Employed
5385,ab,1902,1901,1985,False,Employed
5385,wz,1901,1900,1985,False,Military/Civil service
5390,le,1931,1928,1990,True,Vocational training
5390,ab,1928,1926,1990,True,Employed
5390,wz,1926,1924,1990,True,Military/Civil service
5390,ab,1924,1905,1990,True,Employed
5393,le,1934,1931,1986,False,Vocational training
5393,ab,1931,1929,1986,False,Employed
5393,wz,1929,1928,1986,False,Military/Civil service
5393,ab,1928,1910,1986,False,Employed
5393,ab,1910,1906,1986,False,Employed
5393,ab,1906,1901,1986,False,Employed
5398,le,1914,1911,1986,False,Vocational training
5398,wz,1911,1909,1986,False,Military/Civil service
5398,ab,1909,1908,1986,False,Employed
5398,ab,1908,1901,1986,False,Employed
5405,le,1928,1925,1990,True,Vocational training
5405,ab,1925,1923,1990,True,Employed
5405,le,1923,1921,1990,True,Vocational training
5405,ab,1921,1918,1990,True,Employed
5405,ab,1918,1914,1990,True,Employed
5405,ab,1914,1905,1990,True,Employed
5408,le,1933,1931,1987,False,Vocational training
5408,ne,1931,1930,1987,False,Not employed
5408,ab,1930,1929,1987,False,Employed
5408,ab,1929,1926,1987,False,Employed
5408,ab,1926,1925,1987,False,Employed
5408,ab,1925,1920,1987,False,Employed
5408,se,1920,1919,1987,False,Self-employed
5408,ab,1919,1902,1987,False,Employed
5411,ab,1918,1913,1990,True,Employed
5411,ab,1913,1905,1990,True,Employed
5415,ne,1916,1909,1986,False,Not employed
5415,ne,1909,1905,1986,False,Not employed
5415,ne,1905,1903,1986,False,Not employed
5415,ne,1903,1901,1986,False,Not employed
5419,le,1943,1941,1990,True,Vocational training
5419,ab,1941,1935,1990,True,Employed
5419,ab,1935,1930,1990,True,Employed
5419,se,1930,1919,1990,True,Self-employed
5419,se,1919,1905,1990,True,Self-employed
5423,ne,1910,1901,1986,False,Not employed
5424,le,1918,1915,1990,True,Vocational training
5424,le,1915,1912,1990,True,Vocational training
5424,le,1912,1909,1990,True,Vocational training
5424,ab,1909,1908,1990,True,Employed
5425,le,1908,1906,1988,False,Vocational training
5425,ab,1906,1902,1988,False,Employed
5432,le,1936,1933,1990,True,Vocational training
5432,ab,1933,1927,1990,True,Employed
5432,ne,1927,1904,1990,True,Not employed
5441,ab,1950,1946,1988,False,Employed
5441,le,1946,1944,1988,False,Vocational training
5441,ab,1944,1943,1988,False,Employed
5441,ne,1943,1918,1988,False,Not employed
5441,ab,1918,1905,1988,False,Employed
5441,ne,1905,1902,1988,False,Not employed
5455,ab,1913,1904,1990,True,Employed
5465,le,1924,1921,1987,False,Vocational training
5465,ab,1921,1901,1987,False,Employed
5467,le,1924,1920,1989,False,Vocational training
5467,ab,1920,1917,1989,False,Employed
5467,ab,1917,1914,1989,False,Employed
5467,ab,1914,1903,1989,False,Employed
5478,le,1916,1912,1987,False,Vocational training
5478,wz,1912,1910,1987,False,Military/Civil service
5478,ab,1910,1906,1987,False,Employed
5478,ab,1906,1904,1987,False,Employed
5478,ab,1904,1901,1987,False,Employed
5482,le,1912,1909,1986,False,Vocational training
5482,ne,1909,1907,1986,False,Not employed
5482,ne,1907,1901,1986,False,Not employed
5482,ne,1901,1900,1986,False,Not employed
5484,le,1914,1911,1990,True,Vocational training
5484,ab,1911,1910,1990,True,Employed
5484,wz,1910,1906,1990,True,Military/Civil service
5484,se,1906,1905,1990,True,Self-employed
5484,ab,1905,1904,1990,True,Employed
5485,le,1929,1926,1990,True,Vocational training
5485,ab,1926,1916,1990,True,Employed
5485,ab,1916,1913,1990,True,Employed
5485,se,1913,1904,1990,True,Self-employed
5488,le,1925,1923,1990,True,Vocational training
5488,ab,1923,1904,1990,True,Employed
5489,le,1922,1919,1986,False,Vocational training
5489,ab,1919,1916,1986,False,Employed
5489,wz,1916,1914,1986,False,Military/Civil service
5489,ab,1914,1905,1986,False,Employed
5490,le,1916,1913,1988,False,Vocational training
5490,ab,1913,1902,1988,False,Employed
5505,le,1909,1906,1987,False,Vocational training
5505,le,1906,1904,1987,False,Vocational training
5505,ab,1904,1901,1987,False,Employed
5511,ab,1904,1903,1987,False,Employed
5511,ne,1903,1901,1987,False,Not employed
5515,le,1930,1927,1990,True,Vocational training
5515,ab,1927,1924,1990,True,Employed
5515,wz,1924,1922,1990,True,Military/Civil service
5515,ab,1922,1918,1990,True,Employed
5515,ab,1918,1909,1990,True,Employed
5515,se,1909,1906,1990,True,Self-employed
5515,se,1906,1905,1990,True,Self-employed
5518,le,1926,1923,1990,True,Vocational training
5518,ab,1923,1920,1990,True,Employed
5518,ab,1920,1908,1990,True,Employed
5518,se,1908,1904,1990,True,Self-employed
5521,le,1910,1907,1990,True,Vocational training
5521,ab,1907,1904,1990,True,Employed
5526,le,1915,1913,1990,True,Vocational training
5526,ab,1913,1906,1990,True,Employed
5526,se,1906,1905,1990,True,Self-employed
5530,le,1924,1923,1990,True,Vocational training
5530,ab,1923,1916,1990,True,Employed
5530,ab,1916,1914,1990,True,Employed
5530,wz,1914,1912,1990,True,Military/Civil service
5530,ab,1912,1905,1990,True,Employed
5532,le,1953,1950,1990,True,Vocational training
5532,ab,1950,1927,1990,True,Employed
5532,se,1927,1905,1990,True,Self-employed
5534,le,1930,1927,1990,True,Vocational training
5534,ab,1927,1925,1990,True,Employed
5534,ab,1925,1920,1990,True,Employed
5534,ab,1920,1904,1990,True,Employed
5542,le,1917,1914,1990,True,Vocational training
5542,wz,1914,1912,1990,True,Military/Civil service
5542,ab,1912,1905,1990,True,Employed
5554,le,1924,1921,1990,True,Vocational training
5554,ab,1921,1919,1990,True,Employed
5554,wz,1919,1918,1990,True,Military/Civil service
5554,ab,1918,1912,1990,True,Employed
5554,ab,1912,1910,1990,True,Employed
5554,ab,1910,1905,1990,True,Employed
5560,le,1930,1926,1990,True,Vocational training
5560,ab,1926,1905,1990,True,Employed
5566,le,1932,1929,1990,True,Vocational training
5566,wz,1929,1927,1990,True,Military/Civil service
5566,ab,1927,1905,1990,True,Employed
5577,ab,1938,1926,1990,True,Employed
5577,ab,1926,1925,1990,True,Employed
5577,ab,1925,1915,1990,True,Employed
5577,ab,1915,1905,1990,True,Employed
5587,le,1917,1914,1990,True,Vocational training
5587,ab,1914,1912,1990,True,Employed
5587,wz,1912,1910,1990,True,Military/Civil service
5587,ab,1910,1905,1990,True,Employed
5589,le,1912,1909,1990,True,Vocational training
5589,ab,1909,1908,1990,True,Employed
5589,ab,1908,1905,1990,True,Employed
5590,le,1924,1921,1990,True,Vocational training
5590,ab,1921,1919,1990,True,Employed
5590,wz,1919,1918,1990,True,Military/Civil service
5590,ab,1918,1912,1990,True,Employed
5590,ne,1912,1909,1990,True,Not employed
5590,ab,1909,1905,1990,True,Employed
5595,wz,1907,1905,1990,True,Military/Civil service
5597,le,1916,1911,1990,True,Vocational training
5597,se,1911,1905,1990,True,Self-employed
5605,le,1926,1923,1990,True,Vocational training
5605,ne,1923,1922,1990,True,Not employed
5605,ab,1922,1915,1990,True,Employed
5605,se,1915,1905,1990,True,Self-employed
5614,le,1931,1928,1990,False,Vocational training
5614,ab,1928,1923,1990,False,Employed
5614,ne,1923,1908,1990,False,Not employed
5614,ab,1908,1905,1990,False,Employed
5615,le,1915,1913,1986,False,Vocational training
5615,ab,1913,1905,1986,False,Employed
5615,ne,1905,1901,1986,False,Not employed
5617,wz,1912,1905,1990,True,Military/Civil service
5627,ab,1933,1922,1990,True,Employed
5627,ne,1922,1919,1990,True,Not employed
5627,ab,1919,1906,1990,True,Employed
5627,al,1906,1905,1990,True,Unemployed
5631,ab,1918,1905,1990,True,Employed
5632,le,1909,1906,1990,True,Vocational training
5632,al,1906,1905,1990,True,Unemployed
5634,wz,1948,1945,1990,True,Military/Civil service
5634,le,1945,1942,1990,True,Vocational training
5634,ab,1942,1941,1990,True,Employed
5634,ab,1941,1934,1990,True,Employed
5634,ab,1934,1905,1990,True,Employed
5639,le,1927,1924,1990,True,Vocational training
5639,ab,1924,1918,1990,True,Employed
5639,ne,1918,1905,1990,True,Not employed
5647,le,1928,1925,1990,True,Vocational training
5647,ab,1925,1917,1990,True,Employed
5647,ne,1917,1911,1990,True,Not employed
5647,ab,1911,1906,1990,True,Employed
5647,le,1906,1905,1990,True,Vocational training
5647,ab,1905,1903,1990,True,Employed
5649,ab,1913,1905,1990,True,Employed
5657,le,1931,1928,1990,True,Vocational training
5657,ab,1928,1905,1990,True,Employed
5658,ab,1921,1914,1990,True,Employed
5658,ab,1914,1908,1990,True,Employed
5658,ab,1908,1905,1990,True,Employed
5672,le,1933,1930,1990,True,Vocational training
5672,le,1930,1927,1990,True,Vocational training
5672,ab,1927,1905,1990,True,Employed
5673,le,1928,1925,1990,True,Vocational training
5673,ab,1925,1920,1990,True,Employed
5673,ne,1920,1911,1990,True,Not employed
5673,se,1911,1905,1990,True,Self-employed
5683,le,1916,1913,1990,True,Vocational training
5683,ab,1913,1905,1990,True,Employed
5684,le,1917,1913,1990,True,Vocational training
5684,wz,1913,1910,1990,True,Military/Civil service
5684,ab,1910,1905,1990,True,Employed
5685,ab,1927,1918,1990,True,Employed
5685,se,1918,1911,1990,True,Self-employed
5685,se,1911,1905,1990,True,Self-employed
5689,le,1927,1924,1990,True,Vocational training
5689,ab,1924,1921,1990,True,Employed
5689,wz,1921,1920,1990,True,Military/Civil service
5689,ab,1920,1912,1990,True,Employed
5689,ab,1912,1904,1990,True,Employed
5697,le,1930,1927,1990,True,Vocational training
5697,ab,1927,1904,1990,True,Employed
5698,ab,1916,1904,1990,True,Employed
5699,ab,1938,1931,1990,True,Employed
5699,ne,1931,1904,1990,True,Not employed
5700,le,1926,1922,1990,True,Vocational training
5700,ab,1922,1919,1990,True,Employed
5700,wz,1919,1918,1990,True,Military/Civil service
5700,ab,1918,1912,1990,True,Employed
5700,ab,1912,1904,1990,True,Employed
5712,ab,1925,1922,1990,True,Employed
5712,ab,1922,1920,1990,True,Employed
5712,ab,1920,1918,1990,True,Employed
5712,ab,1918,1915,1990,True,Employed
5712,ab,1915,1907,1990,True,Employed
5712,se,1907,1904,1990,True,Self-employed
5723,le,1915,1911,1990,True,Vocational training
5723,le,1911,1909,1990,True,Vocational training
5723,ab,1909,1907,1990,True,Employed
5731,le,1911,1909,1989,False,Vocational training
5731,ab,1909,1906,1989,False,Employed
5731,al,1906,1905,1989,False,Unemployed
5731,ab,1905,1903,1989,False,Employed
5732,ab,1918,1904,1990,True,Employed
5735,ab,1913,1909,1990,True,Employed
5735,le,1909,1907,1990,True,Vocational training
5735,se,1907,1905,1990,True,Self-employed
5735,se,1905,1904,1990,True,Self-employed
5736,ne,1912,1911,1990,True,Not employed
5736,wz,1911,1907,1990,True,Military/Civil service
5747,se,1925,1921,1990,True,Self-employed
5747,wz,1921,1919,1990,True,Military/Civil service
5747,ab,1919,1909,1990,True,Employed
5747,le,1909,1906,1990,True,Vocational training
5747,ab,1906,1904,1990,True,Employed
5751,le,1914,1911,1986,False,Vocational training
5751,wz,1911,1910,1986,False,Military/Civil service
5751,ab,1910,1907,1986,False,Employed
5751,ab,1907,1905,1986,False,Employed
5751,ab,1905,1900,1986,False,Employed
5759,ab,1924,1912,1990,True,Employed
5759,ne,1912,1904,1990,True,Not employed
5760,le,1929,1927,1990,True,Vocational training
5760,ab,1927,1904,1990,True,Employed
5761,le,1924,1919,1990,True,Vocational training
5761,ab,1919,1904,1990,True,Employed
5771,le,1920,1916,1990,True,Vocational training
5771,wz,1916,1912,1990,True,Military/Civil service
5771,ab,1912,1904,1990,True,Employed
5774,le,1927,1924,1990,True,Vocational training
5774,ab,1924,1909,1990,True,Employed
5774,ne,1909,1904,1990,True,Not employed
5776,le,1936,1933,1990,True,Vocational training
5776,ab,1933,1927,1990,True,Employed
5776,ne,1927,1908,1990,True,Not employed
5776,ab,1908,1904,1990,True,Employed
5777,le,1928,1925,1990,True,Vocational training
5777,ab,1925,1924,1990,True,Employed
5777,ab,1924,1917,1990,True,Employed
5777,ab,1917,1913,1990,True,Employed
5777,se,1913,1904,1990,True,Self-employed
5780,ab,1938,1934,1990,True,Employed
5780,ne,1934,1932,1990,True,Not employed
5780,ab,1932,1920,1990,True,Employed
5780,ab,1920,1904,1990,True,Employed
5804,ab,1931,1914,1990,True,Employed
5804,ne,1914,1910,1990,True,Not employed
5804,ab,1910,1906,1990,True,Employed
5804,ne,1906,1904,1990,True,Not employed
5811,le,1937,1935,1990,True,Vocational training
5811,ab,1935,1920,1990,True,Employed
5811,se,1920,1904,1990,True,Self-employed
5814,se,1923,1917,1990,True,Self-employed
5814,ab,1917,1914,1990,True,Employed
5814,al,1914,1913,1990,True,Unemployed
5814,se,1913,1904,1990,True,Self-employed
5817,ne,1912,1908,1990,True,Not employed
5817,se,1908,1904,1990,True,Self-employed
5820,le,1923,1921,1990,True,Vocational training
5820,ab,1921,1918,1990,True,Employed
5820,ab,1918,1913,1990,True,Employed
5820,ab,1913,1904,1990,True,Employed
5822,le,1924,1921,1990,True,Vocational training
5822,ab,1921,1911,1990,True,Employed
5822,se,1911,1902,1990,True,Self-employed
5823,le,1915,1913,1990,True,Vocational training
5823,ne,1913,1907,1990,True,Not employed
5823,ab,1907,1904,1990,True,Employed
5829,le,1932,1929,1990,True,Vocational training
5829,ab,1929,1907,1990,True,Employed
5829,al,1907,1906,1990,True,Unemployed
5829,ab,1906,1904,1990,True,Employed
5830,le,1931,1928,1990,True,Vocational training
5830,ab,1928,1921,1990,True,Employed
5830,ab,1921,1916,1990,True,Employed
5830,ab,1916,1912,1990,True,Employed
5830,ab,1912,1909,1990,True,Employed
5830,se,1909,1908,1990,True,Self-employed
5830,ab,1908,1904,1990,True,Employed
5831,ab,1927,1903,1989,False,Employed
5838,ab,1931,1906,1989,False,Employed
5838,se,1906,1903,1989,False,Self-employed
5841,le,1929,1927,1990,True,Vocational training
5841,ab,1927,1921,1990,True,Employed
5841,se,1921,1904,1990,True,Self-employed
5842,le,1915,1912,1989,False,Vocational training
5842,wz,1912,1911,1989,False,Military/Civil service
5842,ab,1911,1905,1989,False,Employed
5843,le,1932,1929,1990,True,Vocational training
5843,ab,1929,1907,1990,True,Employed
5846,ab,1904,1903,1989,False,Employed
5847,le,1917,1915,1990,True,Vocational training
5847,ab,1915,1910,1990,True,Employed
5847,se,1910,1904,1990,True,Self-employed
5851,le,1927,1923,1990,True,Vocational training
5851,ab,1923,1918,1990,True,Employed
5851,ab,1918,1914,1990,True,Employed
5851,ab,1914,1910,1990,True,Employed
5851,ab,1910,1908,1990,True,Employed
5851,ab,1908,1904,1990,True,Employed
5861,le,1932,1931,1990,True,Vocational training
5861,ab,1931,1904,1990,True,Employed
5862,le,1922,1919,1990,True,Vocational training
5862,ab,1919,1916,1990,True,Employed
5862,ne,1916,1913,1990,True,Not employed
5862,ab,1913,1909,1990,True,Employed
5862,se,1909,1907,1990,True,Self-employed
5862,se,1907,1904,1990,True,Self-employed
5866,le,1917,1914,1989,False,Vocational training
5866,ab,1914,1910,1989,False,Employed
5866,ne,1910,1908,1989,False,Not employed
5866,ab,1908,1903,1989,False,Employed
5872,le,1924,1921,1988,False,Vocational training
5872,le,1921,1918,1988,False,Vocational training
5872,ab,1918,1913,1988,False,Employed
5872,ne,1913,1902,1988,False,Not employed
5876,ab,1931,1929,1990,True,Employed
5876,ne,1929,1914,1990,True,Not employed
5876,ab,1914,1904,1990,True,Employed
5879,ab,1910,1908,1988,False,Employed
5879,wz,1908,1907,1988,False,Military/Civil service
5879,ab,1907,1902,1988,False,Employed
5880,ne,1926,1904,1990,True,Not employed
5883,le,1920,1918,1989,False,Vocational training
5883,ab,1918,1910,1989,False,Employed
5883,ne,1910,1909,1989,False,Not employed
5883,ab,1909,1903,1989,False,Employed
5884,ab,1935,1934,1990,True,Employed
5884,ab,1934,1904,1990,True,Employed
5889,le,1936,1934,1990,True,Vocational training
5889,wz,1934,1933,1990,True,Military/Civil service
5889,ab,1933,1924,1990,True,Employed
5889,ab,1924,1923,1990,True,Employed
5889,ab,1923,1904,1990,True,Employed
5892,ab,1923,1909,1989,False,Employed
5892,ne,1909,1907,1989,False,Not employed
5892,se,1907,1905,1989,False,Self-employed
5903,le,1936,1933,1990,True,Vocational training
5903,le,1933,1931,1990,True,Vocational training
5903,ab,1931,1922,1990,True,Employed
5903,ab,1922,1919,1990,True,Employed
5903,se,1919,1904,1990,True,Self-employed
5904,le,1936,1934,1990,True,Vocational training
5904,ab,1934,1928,1990,True,Employed
5904,ne,1928,1904,1990,True,Not employed
5908,ab,1926,1921,1990,True,Employed
5908,ab,1921,1910,1990,True,Employed
5908,ne,1910,1908,1990,True,Not employed
5908,ab,1908,1904,1990,True,Employed
5913,le,1921,1919,1990,True,Vocational training
5913,ab,1919,1918,1990,True,Employed
5913,le,1918,1916,1990,True,Vocational training
5913,ab,1916,1914,1990,True,Employed
5913,ne,1914,1910,1990,True,Not employed
5913,se,1910,1904,1990,True,Self-employed
5928,le,1920,1918,1985,False,Vocational training
5928,ab,1918,1916,1985,False,Employed
5928,ab,1916,1912,1985,False,Employed
5928,ab,1912,1906,1985,False,Employed
5928,se,1906,1905,1985,False,Self-employed
5928,se,1905,1903,1985,False,Self-employed
5942,ne,1930,1923,1990,True,Not employed
5942,ab,1923,1919,1990,True,Employed
5942,ab,1919,1912,1990,True,Employed
5942,ab,1912,1904,1990,True,Employed
5943,ab,1912,1904,1990,True,Employed
5944,le,1936,1933,1987,False,Vocational training
5944,ne,1933,1901,1987,False,Not employed
5946,le,1928,1925,1990,True,Vocational training
5946,le,1925,1923,1990,True,Vocational training
5946,ne,1923,1921,1990,True,Not employed
5946,wz,1921,1919,1990,True,Military/Civil service
5946,al,1919,1916,1990,True,Unemployed
5946,ab,1916,1912,1990,True,Employed
5946,al,1912,1911,1990,True,Unemployed
5946,se,1911,1905,1990,True,Self-employed
5947,le,1919,1917,1986,False,Vocational training
5947,ab,1917,1911,1986,False,Employed
5947,ab,1911,1908,1986,False,Employed
5947,ab,1908,1901,1986,False,Employed
5951,ab,1919,1911,1990,True,Employed
5951,le,1911,1908,1990,True,Vocational training
5951,ab,1908,1905,1990,True,Employed
5955,le,1921,1918,1990,True,Vocational training
5955,ab,1918,1905,1990,True,Employed
5956,le,1921,1919,1990,True,Vocational training
5956,ab,1919,1906,1990,True,Employed
5956,se,1906,1905,1990,True,Self-employed
5961,le,1918,1915,1985,False,Vocational training
5961,le,1915,1913,1985,False,Vocational training
5961,ab,1913,1903,1985,False,Employed
5961,ne,1903,1900,1985,False,Not employed
5964,le,1916,1914,1990,True,Vocational training
5964,ab,1914,1905,1990,True,Employed
5965,le,1916,1913,1985,False,Vocational training
5965,ab,1913,1901,1985,False,Employed
5965,al,1901,1900,1985,False,Unemployed
5971,le,1910,1907,1986,False,Vocational training
5971,ab,1907,1906,1986,False,Employed
5971,ab,1906,1904,1986,False,Employed
5971,ab,1904,1901,1986,False,Employed
5981,ne,1912,1905,1990,True,Not employed
5982,le,1916,1913,1986,False,Vocational training
5982,ab,1913,1911,1986,False,Employed
5982,wz,1911,1910,1986,False,Military/Civil service
5982,le,1910,1907,1986,False,Vocational training
5982,ab,1907,1901,1986,False,Employed
5985,le,1933,1930,1990,True,Vocational training
5985,ab,1930,1915,1990,True,Employed
5985,ab,1915,1905,1990,True,Employed
5988,le,1913,1910,1988,False,Vocational training
5988,ab,1910,1903,1988,False,Employed
5993,ab,1907,1901,1986,False,Employed
5998,ab,1922,1918,1987,False,Employed
5998,ab,1918,1915,1987,False,Employed
5998,ne,1915,1912,1987,False,Not employed
5998,ab,1912,1902,1987,False,Employed
6006,le,1922,1921,1990,True,Vocational training
6006,ab,1921,1909,1990,True,Employed
6006,ne,1909,1908,1990,True,Not employed
6006,ab,1908,1906,1990,True,Employed
6006,al,1906,1905,1990,True,Unemployed
6007,ab,1935,1928,1988,False,Employed
6007,ne,1928,1903,1988,False,Not employed
6012,ab,1925,1915,1986,False,Employed
6012,ne,1915,1912,1986,False,Not employed
6012,ab,1912,1906,1986,False,Employed
6012,ne,1906,1901,1986,False,Not employed
6014,ab,1913,1907,1988,False,Employed
6014,ne,1907,1903,1988,False,Not employed
6021,le,1907,1904,1986,False,Vocational training
6021,ab,1904,1901,1986,False,Employed
6026,le,1925,1922,1989,False,Vocational training
6026,ab,1922,1920,1989,False,Employed
6026,wz,1920,1919,1989,False,Military/Civil service
6026,le,1919,1916,1989,False,Vocational training
6026,ab,1916,1913,1989,False,Employed
6026,se,1913,1904,1989,False,Self-employed
6028,le,1917,1914,1990,True,Vocational training
6028,ab,1914,1905,1990,True,Employed
6032,le,1929,1927,1989,False,Vocational training
6032,ab,1927,1925,1989,False,Employed
6032,ne,1925,1904,1989,False,Not employed
6036,le,1909,1906,1985,False,Vocational training
6036,ab,1906,1905,1985,False,Employed
6036,ab,1905,1904,1985,False,Employed
6036,ab,1904,1902,1985,False,Employed
6036,ab,1902,1900,1985,False,Employed
6046,ab,1922,1919,1990,True,Employed
6046,se,1919,1915,1990,True,Self-employed
6046,ab,1915,1905,1990,True,Employed
6048,le,1911,1908,1990,True,Vocational training
6048,ab,1908,1905,1990,True,Employed
6051,le,1929,1926,1990,True,Vocational training
6051,ab,1926,1921,1990,True,Employed
6051,wz,1921,1919,1990,True,Military/Civil service
6051,ab,1919,1905,1990,True,Employed
6055,le,1933,1930,1990,True,Vocational training
6055,le,1930,1927,1990,True,Vocational training
6055,ab,1927,1918,1990,True,Employed
6055,se,1918,1910,1990,True,Self-employed
6055,ab,1910,1905,1990,True,Employed
6056,le,1909,1905,1986,False,Vocational training
6056,ab,1905,1904,1986,False,Employed
6056,wz,1904,1903,1986,False,Military/Civil service
6056,ab,1903,1901,1986,False,Employed
6060,le,1913,1911,1986,False,Vocational training
6060,ab,1911,1901,1986,False,Employed
6061,le,1925,1921,1988,False,Vocational training
6061,ab,1921,1919,1988,False,Employed
6061,wz,1919,1917,1988,False,Military/Civil service
6061,ab,1917,1903,1988,False,Employed
6068,ab,1932,1926,1986,False,Employed
6068,ab,1926,1913,1986,False,Employed
6068,ab,1913,1901,1986,False,Employed
6074,le,1914,1911,1990,True,Vocational training
6074,ab,1911,1906,1990,True,Employed
6074,al,1906,1905,1990,True,Unemployed
6078,ab,1914,1913,1987,False,Employed
6078,wz,1913,1912,1987,False,Military/Civil service
6078,ab,1912,1902,1987,False,Employed
6079,ab,1954,1949,1990,True,Employed
6079,le,1949,1947,1990,True,Vocational training
6079,ab,1947,1944,1990,True,Employed
6079,se,1944,1939,1990,True,Self-employed
6079,se,1939,1921,1990,True,Self-employed
6079,se,1921,1905,1990,True,Self-employed
6086,le,1916,1914,1989,False,Vocational training
6086,ab,1914,1904,1989,False,Employed
6087,le,1917,1913,1985,False,Vocational training
6087,ab,1913,1912,1985,False,Employed
6087,wz,1912,1911,1985,False,Military/Civil service
6087,ne,1911,1907,1985,False,Not employed
6087,ab,1907,1904,1985,False,Employed
6094,le,1917,1915,1990,True,Vocational training
6094,ab,1915,1914,1990,True,Employed
6094,ab,1914,1911,1990,True,Employed
6094,ab,1911,1906,1990,True,Employed
6094,al,1906,1905,1990,True,Unemployed
6094,ab,1905,1902,1990,True,Employed
6095,le,1917,1914,1986,False,Vocational training
6095,ab,1914,1913,1986,False,Employed
6095,al,1913,1912,1986,False,Unemployed
6095,se,1912,1910,1986,False,Self-employed
6095,ab,1910,1901,1986,False,Employed
6102,le,1940,1937,1990,True,Vocational training
6102,ab,1937,1919,1990,True,Employed
6102,ab,1919,1905,1990,True,Employed
6113,ab,1910,1902,1987,False,Employed
6116,ab,1902,1901,1986,False,Employed
6121,le,1917,1914,1985,False,Vocational training
6121,ab,1914,1900,1985,False,Employed
6127,ne,1906,1905,1986,False,Not employed
6127,le,1905,1902,1986,False,Vocational training
6127,ab,1902,1901,1986,False,Employed
6131,ab,1938,1933,1989,False,Employed
6131,ne,1933,1905,1989,False,Not employed
6131,ab,1905,1904,1989,False,Employed
6142,le,1908,1905,1987,False,Vocational training
6142,le,1905,1902,1987,False,Vocational training
6148,le,1949,1946,1985,False,Vocational training
6148,ab,1946,1922,1985,False,Employed
6148,ab,1922,1904,1985,False,Employed
6148,ne,1904,1900,1985,False,Not employed
6150,le,1911,1908,1985,False,Vocational training
6150,ab,1908,1903,1985,False,Employed
6150,ne,1903,1902,1985,False,Not employed
6150,ab,1902,1900,1985,False,Employed
6158,le,1920,1918,1986,False,Vocational training
6158,ab,1918,1913,1986,False,Employed
6158,le,1913,1912,1986,False,Vocational training
6158,ab,1912,1911,1986,False,Employed
6158,le,1911,1909,1986,False,Vocational training
6158,ab,1909,1901,1986,False,Employed
6160,le,1907,1904,1985,False,Vocational training
6160,ab,1904,1902,1985,False,Employed
6160,wz,1902,1901,1985,False,Military/Civil service
6160,ab,1901,1900,1985,False,Employed
6163,le,1925,1921,1990,True,Vocational training
6163,ab,1921,1918,1990,True,Employed
6163,ab,1918,1916,1990,True,Employed
6163,ne,1916,1905,1990,True,Not employed
6164,le,1911,1908,1986,False,Vocational training
6164,wz,1908,1906,1986,False,Military/Civil service
6164,ab,1906,1901,1986,False,Employed
6168,le,1915,1912,1986,False,Vocational training
6168,ab,1912,1911,1986,False,Employed
6168,wz,1911,1910,1986,False,Military/Civil service
6168,ab,1910,1901,1986,False,Employed
6169,le,1910,1908,1986,False,Vocational training
6169,ab,1908,1901,1986,False,Employed
6177,le,1921,1918,1988,False,Vocational training
6177,ab,1918,1917,1988,False,Employed
6177,wz,1917,1912,1988,False,Military/Civil service
6177,ab,1912,1903,1988,False,Employed
6180,le,1909,1905,1988,False,Vocational training
6180,ab,1905,1904,1988,False,Employed
6180,wz,1904,1903,1988,False,Military/Civil service
6186,ab,1902,1901,1986,False,Employed
6200,le,1949,1946,1987,False,Vocational training
6200,wz,1946,1938,1987,False,Military/Civil service
6200,ab,1938,1927,1987,False,Employed
6200,ab,1927,1924,1987,False,Employed
6200,se,1924,1923,1987,False,Self-employed
6200,ab,1923,1907,1987,False,Employed
6200,ne,1907,1902,1987,False,Not employed
6203,le,1941,1938,1986,False,Vocational training
6203,ab,1938,1909,1986,False,Employed
6203,ab,1909,1902,1986,False,Employed
6203,ne,1902,1901,1986,False,Not employed
6204,le,1903,1901,1986,False,Vocational training
6209,le,1924,1921,1987,False,Vocational training
6209,wz,1921,1919,1987,False,Military/Civil service
6209,ab,1919,1902,1987,False,Employed
6218,ne,1902,1900,1985,False,Not employed
6222,ab,1914,1905,1985,False,Employed
6222,ab,1905,1900,1985,False,Employed
6227,le,1908,1905,1985,False,Vocational training
6227,ab,1905,1903,1985,False,Employed
6227,le,1903,1902,1985,False,Vocational training
6227,ab,1902,1900,1985,False,Employed
6244,ne,1932,1928,1987,False,Not employed
6244,ab,1928,1926,1987,False,Employed
6244,ne,1926,1909,1987,False,Not employed
6244,se,1909,1902,1987,False,Self-employed
6249,le,1925,1922,1990,True,Vocational training
6249,wz,1922,1921,1990,True,Military/Civil service
6249,ab,1921,1911,1990,True,Employed
6249,se,1911,1907,1990,True,Self-employed
6249,ab,1907,1905,1990,True,Employed
6251,le,1921,1918,1987,False,Vocational training
6251,ab,1918,1912,1987,False,Employed
6251,ne,1912,1902,1987,False,Not employed
6253,ab,1920,1919,1988,False,Employed
6253,ab,1919,1917,1988,False,Employed
6253,ab,1917,1911,1988,False,Employed
6253,ab,1911,1909,1988,False,Employed
6253,ab,1909,1906,1988,False,Employed
6253,ne,1906,1903,1988,False,Not employed
6260,le,1908,1905,1986,False,Vocational training
6260,ab,1905,1904,1986,False,Employed
6260,wz,1904,1902,1986,False,Military/Civil service
6260,ab,1902,1901,1986,False,Employed
6266,le,1928,1925,1986,False,Vocational training
6266,ab,1925,1901,1986,False,Employed
6269,le,1921,1918,1988,False,Vocational training
6269,ab,1918,1903,1988,False,Employed
6272,ab,1919,1916,1988,False,Employed
6272,ab,1916,1914,1988,False,Employed
6272,se,1914,1909,1988,False,Self-employed
6272,se,1909,1906,1988,False,Self-employed
6272,se,1906,1902,1988,False,Self-employed
6278,le,1910,1907,1987,False,Vocational training
6278,ab,1907,1906,1987,False,Employed
6278,wz,1906,1905,1987,False,Military/Civil service
6278,ab,1905,1902,1987,False,Employed
6284,le,1904,1902,1987,False,Vocational training
6287,wz,1914,1912,1986,False,Military/Civil service
6287,le,1912,1910,1986,False,Vocational training
6287,le,1910,1908,1986,False,Vocational training
6287,ab,1908,1907,1986,False,Employed
6287,se,1907,1904,1986,False,Self-employed
6287,ab,1904,1901,1986,False,Employed
6294,le,1904,1901,1985,False,Vocational training
6294,ab,1901,1900,1985,False,Employed
6295,le,1936,1933,1987,False,Vocational training
6295,ab,1933,1928,1987,False,Employed
6295,se,1928,1902,1987,False,Self-employed
6296,le,1908,1905,1986,False,Vocational training
6296,ab,1905,1901,1986,False,Employed
6297,ab,1917,1910,1989,False,Employed
6297,ab,1910,1904,1989,False,Employed
6300,le,1906,1903,1985,False,Vocational training
6300,ab,1903,1902,1985,False,Employed
6300,ab,1902,1900,1985,False,Employed
6303,le,1929,1926,1986,False,Vocational training
6303,ab,1926,1923,1986,False,Employed
6303,wz,1923,1920,1986,False,Military/Civil service
6303,ab,1920,1919,1986,False,Employed
6303,se,1919,1901,1986,False,Self-employed
6304,le,1917,1914,1987,False,Vocational training
6304,ab,1914,1911,1987,False,Employed
6304,ab,1911,1908,1987,False,Employed
6304,ne,1908,1902,1987,False,Not employed
6313,le,1934,1930,1990,True,Vocational training
6313,ab,1930,1909,1990,True,Employed
6313,se,1909,1905,1990,True,Self-employed
6322,ab,1905,1902,1987,False,Employed
6327,wz,1906,1904,1986,False,Military/Civil service
6327,le,1904,1901,1986,False,Vocational training
6332,ab,1908,1901,1986,False,Employed
6333,ab,1917,1908,1986,False,Employed
6333,le,1908,1906,1986,False,Vocational training
6333,ab,1906,1901,1986,False,Employed
6336,le,1911,1907,1987,False,Vocational training
6336,ab,1907,1904,1987,False,Employed
6336,ab,1904,1903,1987,False,Employed
6336,al,1903,1902,1987,False,Unemployed
6339,al,1905,1904,1987,False,Unemployed
6339,ab,1904,1902,1987,False,Employed
6353,le,1909,1905,1987,False,Vocational training
6353,ab,1905,1902,1987,False,Employed
6354,le,1918,1916,1987,False,Vocational training
6354,ab,1916,1915,1987,False,Employed
6354,le,1915,1914,1987,False,Vocational training
6354,ab,1914,1903,1987,False,Employed
6354,ne,1903,1902,1987,False,Not employed
6363,ne,1948,1947,1990,True,Not employed
6363,wz,1947,1943,1990,True,Military/Civil service
6363,ne,1943,1941,1990,True,Not employed
6363,ne,1941,1940,1990,True,Not employed
6363,ab,1940,1908,1990,True,Employed
6363,ne,1908,1905,1990,True,Not employed
6365,le,1912,1908,1986,False,Vocational training
6365,ab,1908,1901,1986,False,Employed
6367,le,1930,1927,1988,False,Vocational training
6367,ab,1927,1924,1988,False,Employed
6367,ne,1924,1922,1988,False,Not employed
6367,se,1922,1910,1988,False,Self-employed
6367,ab,1910,1903,1988,False,Employed
6368,le,1935,1932,1990,True,Vocational training
6368,ab,1932,1905,1990,True,Employed
6371,le,1903,1902,1987,False,Vocational training
6372,le,1935,1932,1990,True,Vocational training
6372,ab,1932,1925,1990,True,Employed
6372,se,1925,1905,1990,True,Self-employed
6376,le,1908,1905,1990,True,Vocational training
6378,wz,1928,1927,1990,True,Military/Civil service
6378,ab,1927,1908,1990,True,Employed
6378,al,1908,1907,1990,True,Unemployed
6378,ab,1907,1905,1990,True,Employed
6387,ab,1933,1931,1986,False,Employed
6387,ab,1931,1930,1986,False,Employed
6387,le,1930,1928,1986,False,Vocational training
6387,ab,1928,1923,1986,False,Employed
6387,ne,1923,1920,1986,False,Not employed
6387,ab,1920,1907,1986,False,Employed
6387,se,1907,1901,1986,False,Self-employed
6390,le,1909,1908,1990,True,Vocational training
6390,wz,1908,1906,1990,True,Military/Civil service
6390,ab,1906,1905,1990,True,Employed
6391,le,1939,1936,1990,True,Vocational training
6391,ab,1936,1933,1990,True,Employed
6391,le,1933,1932,1990,True,Vocational training
6391,ab,1932,1931,1990,True,Employed
6391,se,1931,1905,1990,True,Self-employed
6392,ab,1937,1933,1990,True,Employed
6392,ab,1933,1928,1990,True,Employed
6392,se,1928,1925,1990,True,Self-employed
6392,se,1925,1920,1990,True,Self-employed
6392,se,1920,1915,1990,True,Self-employed
6392,se,1915,1910,1990,True,Self-employed
6392,se,1910,1905,1990,True,Self-employed
6405,se,1903,1902,1986,False,Self-employed
6405,ab,1902,1901,1986,False,Employed
6408,le,1925,1922,1986,False,Vocational training
6408,ab,1922,1918,1986,False,Employed
6408,ne,1918,1914,1986,False,Not employed
6408,ab,1914,1912,1986,False,Employed
6408,se,1912,1910,1986,False,Self-employed
6408,ab,1910,1908,1986,False,Employed
6408,ab,1908,1905,1986,False,Employed
6408,se,1905,1901,1986,False,Self-employed
6409,ne,1925,1916,1986,False,Not employed
6409,ne,1916,1901,1986,False,Not employed
6411,le,1928,1925,1988,False,Vocational training
6411,ab,1925,1914,1988,False,Employed
6411,ab,1914,1903,1988,False,Employed
6416,ab,1908,1905,1990,True,Employed
6420,le,1909,1906,1986,False,Vocational training
6420,ab,1906,1901,1986,False,Employed
6424,ne,1903,1901,1986,False,Not employed
6424,ab,1901,1900,1986,False,Employed
6426,le,1916,1912,1990,True,Vocational training
6426,ab,1912,1911,1990,True,Employed
6426,wz,1911,1909,1990,True,Military/Civil service
6426,ab,1909,1908,1990,True,Employed
6426,ab,1908,1905,1990,True,Employed
6427,le,1915,1912,1988,False,Vocational training
6427,le,1912,1909,1988,False,Vocational training
6427,wz,1909,1907,1988,False,Military/Civil service
6427,ab,1907,1903,1988,False,Employed
6428,ab,1913,1910,1986,False,Employed
6428,ab,1910,1901,1986,False,Employed
6430,le,1910,1907,1990,True,Vocational training
6430,ab,1907,1906,1990,True,Employed
6430,ne,1906,1905,1990,True,Not employed
6435,ne,1924,1923,1990,True,Not employed
6435,ab,1923,1906,1990,True,Employed
6435,al,1906,1905,1990,True,Unemployed
6436,le,1912,1909,1990,True,Vocational training
6436,wz,1909,1907,1990,True,Military/Civil service
6436,ab,1907,1905,1990,True,Employed
6440,ne,1925,1914,1990,True,Not employed
6440,ab,1914,1908,1990,True,Employed
6440,se,1908,1905,1990,True,Self-employed
6444,ab,1911,1906,1987,False,Employed
6444,ne,1906,1902,1987,False,Not employed
6452,wz,1902,1901,1986,False,Military/Civil service
6452,ne,1901,1900,1986,False,Not employed
6456,ab,1903,1902,1987,False,Employed
6457,le,1935,1933,1990,True,Vocational training
6457,ab,1933,1928,1990,True,Employed
6457,wz,1928,1926,1990,True,Military/Civil service
6457,ab,1926,1921,1990,True,Employed
6457,se,1921,1911,1990,True,Self-employed
6457,se,1911,1904,1990,True,Self-employed
6460,le,1936,1933,1989,False,Vocational training
6460,ab,1933,1923,1989,False,Employed
6460,ne,1923,1903,1989,False,Not employed
6463,ne,1936,1918,1986,False,Not employed
6463,ab,1918,1900,1986,False,Employed
6467,ne,1917,1915,1987,False,Not employed
6467,wz,1915,1914,1987,False,Military/Civil service
6467,ne,1914,1912,1987,False,Not employed
6467,ne,1912,1910,1987,False,Not employed
6467,ne,1910,1907,1987,False,Not employed
6467,se,1907,1906,1987,False,Self-employed
6467,ne,1906,1901,1987,False,Not employed
6470,le,1906,1905,1986,False,Vocational training
6470,le,1905,1902,1986,False,Vocational training
6470,ab,1902,1901,1986,False,Employed
6470,ab,1901,1900,1986,False,Employed
6471,le,1910,1907,1990,True,Vocational training
6471,ab,1907,1905,1990,True,Employed
6472,le,1920,1917,1990,True,Vocational training
6472,ab,1917,1907,1990,True,Employed
6472,se,1907,1904,1990,True,Self-employed
6473,le,1924,1921,1990,True,Vocational training
6473,ab,1921,1911,1990,True,Employed
6473,le,1911,1910,1990,True,Vocational training
6473,le,1910,1909,1990,True,Vocational training
6473,se,1909,1906,1990,True,Self-employed
6475,le,1912,1909,1989,False,Vocational training
6475,wz,1909,1907,1989,False,Military/Civil service
6475,ab,1907,1903,1989,False,Employed
6477,le,1928,1925,1986,False,Vocational training
6477,ab,1925,1924,1986,False,Employed
6477,le,1924,1921,1986,False,Vocational training
6477,ab,1921,1908,1986,False,Employed
6477,se,1908,1900,1986,False,Self-employed
6479,le,1918,1916,1990,True,Vocational training
6479,ne,1916,1915,1990,True,Not employed
6479,ab,1915,1911,1990,True,Employed
6479,ab,1911,1904,1990,True,Employed
6480,wz,1911,1909,1990,True,Military/Civil service
6480,ab,1909,1905,1990,True,Employed
6481,ab,1943,1942,1986,False,Employed
6481,le,1942,1940,1986,False,Vocational training
6481,ab,1940,1934,1986,False,Employed
6481,ab,1934,1900,1986,False,Employed
6482,le,1926,1924,1990,True,Vocational training
6482,ab,1924,1922,1990,True,Employed
6482,ab,1922,1918,1990,True,Employed
6482,ab,1918,1905,1990,True,Employed
6482,le,1905,1904,1990,True,Vocational training
6483,le,1914,1912,1990,True,Vocational training
6483,ab,1912,1904,1990,True,Employed
6485,se,1917,1915,1989,False,Self-employed
6485,se,1915,1911,1989,False,Self-employed
6485,se,1911,1909,1989,False,Self-employed
6485,se,1909,1907,1989,False,Self-employed
6485,se,1907,1905,1989,False,Self-employed
6485,ab,1905,1901,1989,False,Employed
6487,le,1915,1912,1987,False,Vocational training
6487,al,1912,1911,1987,False,Unemployed
6487,ab,1911,1901,1987,False,Employed
6491,le,1925,1922,1987,False,Vocational training
6491,ab,1922,1917,1987,False,Employed
6491,ne,1917,1916,1987,False,Not employed
6491,ab,1916,1901,1987,False,Employed
6492,ab,1925,1922,1988,False,Employed
6492,ab,1922,1910,1988,False,Employed
6492,ab,1910,1902,1988,False,Employed
6493,le,1922,1919,1990,True,Vocational training
6493,ab,1919,1918,1990,True,Employed
6493,ab,1918,1916,1990,True,Employed
6493,ab,1916,1904,1990,True,Employed
6496,le,1920,1917,1987,False,Vocational training
6496,ne,1917,1916,1987,False,Not employed
6496,ab,1916,1913,1987,False,Employed
6496,ab,1913,1909,1987,False,Employed
6496,se,1909,1901,1987,False,Self-employed
6499,ab,1926,1901,1987,False,Employed
6500,wz,1905,1903,1987,False,Military/Civil service
6500,ne,1903,1901,1987,False,Not employed
6502,ne,1905,1902,1987,False,Not employed
6502,se,1902,1901,1987,False,Self-employed
6503,ab,1918,1917,1990,True,Employed
6503,ab,1917,1908,1990,True,Employed
6503,ab,1908,1905,1990,True,Employed
6503,ab,1905,1904,1990,True,Employed
6505,ab,1913,1909,1987,False,Employed
6505,ne,1909,1901,1987,False,Not employed
6506,le,1918,1916,1990,True,Vocational training
6506,ne,1916,1915,1990,True,Not employed
6506,ab,1915,1913,1990,True,Employed
6506,wz,1913,1911,1990,True,Military/Civil service
6506,ab,1911,1904,1990,True,Employed
6508,ab,1918,1908,1987,False,Employed
6508,se,1908,1901,1987,False,Self-employed
6510,le,1931,1927,1990,True,Vocational training
6510,ab,1927,1923,1990,True,Employed
6510,wz,1923,1921,1990,True,Military/Civil service
6510,ab,1921,1906,1990,True,Employed
6510,ab,1906,1904,1990,True,Employed
6511,le,1912,1909,1988,False,Vocational training
6511,ab,1909,1905,1988,False,Employed
6511,ab,1905,1902,1988,False,Employed
6512,se,1905,1903,1990,True,Self-employed
6513,le,1932,1929,1990,True,Vocational training
6513,ab,1929,1924,1990,True,Employed
6513,ab,1924,1909,1990,True,Employed
6513,ab,1909,1904,1990,True,Employed
6514,le,1906,1903,1989,False,Vocational training
6518,ab,1908,1905,1990,False,Employed
6519,ab,1910,1909,1989,False,Employed
6519,ne,1909,1903,1989,False,Not employed
6521,ab,1915,1914,1987,False,Employed
6521,wz,1914,1913,1987,False,Military/Civil service
6521,ab,1913,1912,1987,False,Employed
6521,ab,1912,1909,1987,False,Employed
6521,ne,1909,1908,1987,False,Not employed
6521,se,1908,1901,1987,False,Self-employed
6522,le,1942,1940,1990,True,Vocational training
6522,ab,1940,1939,1990,True,Employed
6522,ne,1939,1938,1990,True,Not employed
6522,ne,1938,1920,1990,True,Not employed
6522,se,1920,1904,1990,True,Self-employed
6523,le,1920,1916,1987,False,Vocational training
6523,ab,1916,1915,1987,False,Employed
6523,wz,1915,1914,1987,False,Military/Civil service
6523,ab,1914,1901,1987,False,Employed
6525,le,1922,1919,1990,True,Vocational training
6525,wz,1919,1918,1990,True,Military/Civil service
6525,ab,1918,1904,1990,True,Employed
6526,le,1924,1920,1989,False,Vocational training
6526,ab,1920,1911,1989,False,Employed
6526,ne,1911,1903,1989,False,Not employed
6528,le,1922,1919,1987,False,Vocational training
6528,wz,1919,1915,1987,False,Military/Civil service
6528,le,1915,1914,1987,False,Vocational training
6528,le,1914,1913,1987,False,Vocational training
6528,ab,1913,1906,1987,False,Employed
6528,ab,1906,1901,1987,False,Employed
6529,ab,1908,1907,1987,False,Employed
6529,ne,1907,1901,1987,False,Not employed
6533,le,1914,1911,1986,False,Vocational training
6533,wz,1911,1910,1986,False,Military/Civil service
6533,ab,1910,1908,1986,False,Employed
6533,ab,1908,1906,1986,False,Employed
6533,ab,1906,1905,1986,False,Employed
6533,ab,1905,1902,1986,False,Employed
6533,se,1902,1901,1986,False,Self-employed
6534,le,1957,1954,1990,True,Vocational training
6534,ab,1954,1948,1990,True,Employed
6534,wz,1948,1945,1990,True,Military/Civil service
6534,ab,1945,1910,1990,True,Employed
6534,ne,1910,1904,1990,True,Not employed
6535,le,1915,1913,1987,False,Vocational training
6535,ab,1913,1902,1987,False,Employed
6535,ab,1902,1901,1987,False,Employed
6537,le,1941,1939,1987,False,Vocational training
6537,ab,1939,1901,1987,False,Employed
6539,le,1910,1907,1986,False,Vocational training
6539,ab,1907,1905,1986,False,Employed
6539,wz,1905,1903,1986,False,Military/Civil service
6539,ab,1903,1900,1986,False,Employed
6540,le,1918,1915,1990,True,Vocational training
6540,ab,1915,1906,1990,True,Employed
6540,ne,1906,1904,1990,True,Not employed
6542,le,1939,1936,1987,False,Vocational training
6542,ab,1936,1901,1987,False,Employed
6544,ab,1922,1904,1990,True,Employed
6545,le,1934,1928,1988,False,Vocational training
6545,ab,1928,1913,1988,False,Employed
6545,le,1913,1912,1988,False,Vocational training
6545,ab,1912,1902,1988,False,Employed
6548,le,1908,1906,1987,False,Vocational training
6548,se,1906,1901,1987,False,Self-employed
6551,le,1913,1909,1987,False,Vocational training
6551,ab,1909,1907,1987,False,Employed
6551,wz,1907,1906,1987,False,Military/Civil service
6551,ab,1906,1901,1987,False,Employed
6553,ab,1914,1909,1989,False,Employed
6553,ab,1909,1903,1989,False,Employed
6556,se,1902,1901,1986,False,Self-employed
6556,ne,1901,1900,1986,False,Not employed
6559,ab,1921,1918,1986,False,Employed
6559,ab,1918,1916,1986,False,Employed
6559,ne,1916,1906,1986,False,Not employed
6559,ab,1906,1900,1986,False,Employed
6563,le,1906,1904,1988,False,Vocational training
6563,ab,1904,1902,1988,False,Employed
6565,le,1910,1907,1987,False,Vocational training
6565,ab,1907,1902,1987,False,Employed
6565,wz,1902,1901,1987,False,Military/Civil service
6566,le,1936,1933,1990,True,Vocational training
6566,ab,1933,1929,1990,True,Employed
6566,ab,1929,1910,1990,True,Employed
6566,ab,1910,1904,1990,True,Employed
6570,le,1941,1938,1990,True,Vocational training
6570,ab,1938,1934,1990,True,Employed
6570,wz,1934,1926,1990,True,Military/Civil service
6570,le,1926,1925,1990,True,Vocational training
6570,ab,1925,1906,1990,True,Employed
6570,se,1906,1904,1990,True,Self-employed
6575,le,1927,1925,1990,True,Vocational training
6575,ab,1925,1917,1990,True,Employed
6575,ab,1917,1904,1990,True,Employed
6577,le,1910,1907,1990,True,Vocational training
6577,ab,1907,1905,1990,True,Employed
6577,ab,1905,1904,1990,True,Employed
6579,ab,1929,1926,1987,False,Employed
6579,ab,1926,1913,1987,False,Employed
6579,ne,1913,1911,1987,False,Not employed
6579,al,1911,1901,1987,False,Unemployed
6583,le,1911,1906,1987,False,Vocational training
6583,ab,1906,1901,1987,False,Employed
6584,le,1905,1902,1987,False,Vocational training
6584,ab,1902,1901,1987,False,Employed
6587,le,1926,1923,1990,True,Vocational training
6587,le,1923,1920,1990,True,Vocational training
6587,ab,1920,1919,1990,True,Employed
6587,wz,1919,1917,1990,True,Military/Civil service
6587,ab,1917,1908,1990,True,Employed
6587,ab,1908,1903,1990,True,Employed
6589,wz,1908,1907,1988,False,Military/Civil service
6589,ne,1907,1904,1988,False,Not employed
6589,ab,1904,1903,1988,False,Employed
6589,ab,1903,1902,1988,False,Employed
6594,ab,1909,1908,1987,False,Employed
6594,ab,1908,1907,1987,False,Employed
6594,ab,1907,1906,1987,False,Employed
6594,ab,1906,1905,1987,False,Employed
6594,ab,1905,1904,1987,False,Employed
6594,ab,1904,1903,1987,False,Employed
6594,ab,1903,1902,1987,False,Employed
6594,ab,1902,1901,1987,False,Employed
6595,ab,1932,1920,1990,True,Employed
6596,le,1923,1920,1988,False,Vocational training
6596,ab,1920,1915,1988,False,Employed
6596,ab,1915,1912,1988,False,Employed
6596,ab,1912,1908,1988,False,Employed
6596,le,1908,1905,1988,False,Vocational training
6596,al,1905,1904,1988,False,Unemployed
6596,ab,1904,1903,1988,False,Employed
6596,al,1903,1902,1988,False,Unemployed
6597,le,1908,1903,1987,False,Vocational training
6597,ab,1903,1901,1987,False,Employed
6599,le,1922,1919,1988,False,Vocational training
6599,ab,1919,1902,1988,False,Employed
6607,ab,1929,1920,1988,False,Employed
6607,ne,1920,1919,1988,False,Not employed
6607,ab,1919,1916,1988,False,Employed
6607,ne,1916,1915,1988,False,Not employed
6607,ab,1915,1903,1988,False,Employed
6607,al,1903,1902,1988,False,Unemployed
6608,ab,1915,1901,1987,False,Employed
6614,le,1913,1910,1987,False,Vocational training
6614,ne,1910,1905,1987,False,Not employed
6614,le,1905,1901,1987,False,Vocational training
6616,le,1912,1909,1987,False,Vocational training
6616,wz,1909,1908,1987,False,Military/Civil service
6616,ab,1908,1901,1987,False,Employed
6617,le,1914,1911,1989,False,Vocational training
6617,wz,1911,1909,1989,False,Military/Civil service
6617,ab,1909,1903,1989,False,Employed
6622,ab,1908,1900,1986,False,Employed
6624,le,1908,1904,1987,False,Vocational training
6624,ab,1904,1901,1987,False,Employed
6628,ne,1910,1909,1990,True,Not employed
6628,wz,1909,1908,1990,True,Military/Civil service
6628,ne,1908,1904,1990,True,Not employed
6640,le,1910,1907,1987,False,Vocational training
6640,ab,1907,1906,1987,False,Employed
6640,wz,1906,1905,1987,False,Military/Civil service
6640,ab,1905,1901,1987,False,Employed
6642,le,1934,1931,1990,True,Vocational training
6642,ab,1931,1909,1990,True,Employed
6642,se,1909,1904,1990,True,Self-employed
6643,ab,1926,1900,1986,False,Employed
6644,le,1923,1920,1987,False,Vocational training
6644,ab,1920,1907,1987,False,Employed
6644,ne,1907,1906,1987,False,Not employed
6644,ab,1906,1901,1987,False,Employed
6647,le,1908,1906,1987,False,Vocational training
6647,ab,1906,1902,1987,False,Employed
6647,al,1902,1901,1987,False,Unemployed
6650,le,1916,1915,1989,False,Vocational training
6650,ab,1915,1913,1989,False,Employed
6650,le,1913,1911,1989,False,Vocational training
6650,ab,1911,1906,1989,False,Employed
6653,le,1934,1931,1990,True,Vocational training
6653,wz,1931,1928,1990,True,Military/Civil service
6653,ab,1928,1921,1990,True,Employed
6653,ne,1921,1920,1990,True,Not employed
6653,ne,1920,1918,1990,True,Not employed
6653,se,1918,1904,1990,True,Self-employed
6655,le,1928,1925,1990,True,Vocational training
6655,ne,1925,1914,1990,True,Not employed
6655,le,1914,1912,1990,True,Vocational training
6655,se,1912,1904,1990,True,Self-employed
6656,ne,1904,1903,1987,False,Not employed
6656,le,1903,1902,1987,False,Vocational training
6656,ab,1902,1901,1987,False,Employed
6660,le,1929,1926,1989,False,Vocational training
6660,ab,1926,1903,1989,False,Employed
6661,le,1920,1918,1990,True,Vocational training
6661,ab,1918,1914,1990,True,Employed
6661,wz,1914,1912,1990,True,Military/Civil service
6661,ab,1912,1909,1990,True,Employed
6661,al,1909,1907,1990,True,Unemployed
6661,ab,1907,1904,1990,True,Employed
6663,le,1915,1913,1987,False,Vocational training
6663,wz,1913,1911,1987,False,Military/Civil service
6663,ab,1911,1908,1987,False,Employed
6663,ab,1908,1907,1987,False,Employed
6663,le,1907,1904,1987,False,Vocational training
6663,se,1904,1903,1987,False,Self-employed
6663,ab,1903,1901,1987,False,Employed
6665,ab,1920,1902,1988,False,Employed
6666,le,1919,1915,1986,False,Vocational training
6666,ab,1915,1913,1986,False,Employed
6666,wz,1913,1911,1986,False,Military/Civil service
6666,al,1911,1910,1986,False,Unemployed
6666,ab,1910,1900,1986,False,Employed
6668,le,1937,1934,1990,True,Vocational training
6668,ab,1934,1929,1990,True,Employed
6668,ab,1929,1907,1990,True,Employed
6668,se,1907,1904,1990,True,Self-employed
6670,wz,1911,1904,1990,True,Military/Civil service
6673,le,1912,1909,1987,False,Vocational training
6673,ne,1909,1908,1987,False,Not employed
6673,ab,1908,1906,1987,False,Employed
6673,ab,1906,1904,1987,False,Employed
6673,ab,1904,1902,1987,False,Employed
6673,ab,1902,1901,1987,False,Employed
6674,le,1952,1948,1987,False,Vocational training
6674,ab,1948,1947,1987,False,Employed
6674,wz,1947,1942,1987,False,Military/Civil service
6674,ab,1942,1937,1987,False,Employed
6674,ab,1937,1927,1987,False,Employed
6674,ab,1927,1917,1987,False,Employed
6674,ab,1917,1912,1987,False,Employed
6674,ab,1912,1907,1987,False,Employed
6674,ne,1907,1901,1987,False,Not employed
6688,le,1908,1904,1987,False,Vocational training
6688,ab,1904,1903,1987,False,Employed
6688,wz,1903,1902,1987,False,Military/Civil service
6688,ab,1902,1901,1987,False,Employed
6689,le,1915,1913,1987,False,Vocational training
6689,ne,1913,1912,1987,False,Not employed
6689,le,1912,1910,1987,False,Vocational training
6689,se,1910,1907,1987,False,Self-employed
6689,se,1907,1901,1987,False,Self-employed
6693,le,1934,1928,1990,True,Vocational training
6693,ab,1928,1925,1990,True,Employed
6693,ab,1925,1921,1990,True,Employed
6693,ab,1921,1906,1990,True,Employed
6693,ne,1906,1904,1990,True,Not employed
6696,se,1915,1904,1990,True,Self-employed
6702,ne,1911,1907,1990,True,Not employed
6702,ab,1907,1905,1990,True,Employed
6702,se,1905,1904,1990,True,Self-employed
6703,le,1923,1921,1990,True,Vocational training
6703,ab,1921,1911,1990,True,Employed
6703,ab,1911,1909,1990,True,Employed
6703,se,1909,1904,1990,True,Self-employed
6705,ab,1918,1904,1990,True,Employed
6706,ab,1930,1924,1990,True,Employed
6706,se,1924,1905,1990,True,Self-employed
6708,le,1930,1926,1990,True,Vocational training
6708,ab,1926,1920,1990,True,Employed
6708,se,1920,1918,1990,True,Self-employed
6708,se,1918,1904,1990,True,Self-employed
6711,ne,1912,1910,1988,False,Not employed
6711,ab,1910,1908,1988,False,Employed
6711,ab,1908,1905,1988,False,Employed
6711,se,1905,1902,1988,False,Self-employed
6712,le,1916,1913,1990,True,Vocational training
6712,ab,1913,1910,1990,True,Employed
6712,ab,1910,1904,1990,True,Employed
6713,le,1924,1921,1990,True,Vocational training
6713,ab,1921,1920,1990,True,Employed
6713,ab,1920,1917,1990,True,Employed
6713,ne,1917,1907,1990,True,Not employed
6715,se,1914,1911,1990,True,Self-employed
6715,ab,1911,1908,1990,True,Employed
6715,se,1908,1904,1990,True,Self-employed
6718,le,1913,1910,1990,True,Vocational training
6718,ab,1910,1906,1990,True,Employed
6718,ne,1906,1905,1990,True,Not employed
6721,wz,1912,1905,1990,True,Military/Civil service
6721,ab,1905,1904,1990,True,Employed
6723,le,1921,1918,1990,True,Vocational training
6723,ab,1918,1910,1990,True,Employed
6723,ab,1910,1905,1990,True,Employed
6725,wz,1911,1910,1990,True,Military/Civil service
6725,ab,1910,1908,1990,True,Employed
6725,ab,1908,1905,1990,True,Employed
6726,le,1929,1926,1990,True,Vocational training
6726,ab,1926,1905,1990,True,Employed
6728,le,1917,1912,1990,True,Vocational training
6728,ab,1912,1910,1990,True,Employed
6729,le,1916,1913,1990,True,Vocational training
6729,wz,1913,1909,1990,True,Military/Civil service
6729,ab,1909,1905,1990,True,Employed
6730,ne,1925,1921,1990,True,Not employed
6730,wz,1921,1919,1990,True,Military/Civil service
6730,ne,1919,1915,1990,True,Not employed
6730,ab,1915,1905,1990,True,Employed
6731,le,1936,1930,1990,True,Vocational training
6731,ab,1930,1929,1990,True,Employed
6731,ab,1929,1928,1990,True,Employed
6731,ab,1928,1927,1990,True,Employed
6731,ab,1927,1926,1990,True,Employed
6731,ab,1926,1925,1990,True,Employed
6731,ab,1925,1924,1990,True,Employed
6731,ab,1924,1920,1990,True,Employed
6731,se,1920,1905,1990,True,Self-employed
6735,le,1948,1945,1990,True,Vocational training
6735,ab,1945,1930,1990,True,Employed
6735,ab,1930,1905,1990,True,Employed
6737,le,1922,1919,1990,True,Vocational training
6737,ab,1919,1911,1990,True,Employed
6737,se,1911,1905,1990,True,Self-employed
6740,le,1929,1926,1990,True,Vocational training
6740,ab,1926,1925,1990,True,Employed
6740,ab,1925,1922,1990,True,Employed
6740,ab,1922,1918,1990,True,Employed
6740,ab,1918,1913,1990,True,Employed
6740,le,1913,1911,1990,True,Vocational training
6740,ab,1911,1909,1990,True,Employed
6740,ab,1909,1906,1990,True,Employed
6740,al,1906,1905,1990,True,Unemployed
6741,le,1911,1908,1986,False,Vocational training
6741,ab,1908,1906,1986,False,Employed
6741,wz,1906,1905,1986,False,Military/Civil service
6741,se,1905,1904,1986,False,Self-employed
6741,ab,1904,1902,1986,False,Employed
6741,ne,1902,1901,1986,False,Not employed
6743,ab,1913,1907,1990,True,Employed
6743,ab,1907,1906,1990,True,Employed
6743,se,1906,1905,1990,True,Self-employed
6747,le,1910,1907,1990,True,Vocational training
6747,al,1907,1906,1990,True,Unemployed
6747,ab,1906,1905,1990,True,Employed
6753,ab,1914,1905,1990,True,Employed
6764,le,1924,1922,1990,True,Vocational training
6764,ab,1922,1919,1990,True,Employed
6764,ab,1919,1905,1990,True,Employed
6765,le,1929,1925,1990,True,Vocational training
6765,ab,1925,1921,1990,True,Employed
6765,ne,1921,1919,1990,True,Not employed
6765,ab,1919,1905,1990,True,Employed
6766,ab,1923,1906,1990,True,Employed
6766,se,1906,1905,1990,True,Self-employed
6773,ab,1930,1929,1990,True,Employed
6773,ab,1929,1927,1990,True,Employed
6773,ab,1927,1919,1990,True,Employed
6773,ne,1919,1907,1990,True,Not employed
6773,ab,1907,1905,1990,True,Employed
6777,ne,1911,1910,1990,True,Not employed
6777,wz,1910,1908,1990,True,Military/Civil service
6777,ne,1908,1905,1990,True,Not employed
6778,le,1916,1913,1990,True,Vocational training
6778,ne,1913,1911,1990,True,Not employed
6778,ab,1911,1908,1990,True,Employed
6778,ab,1908,1905,1990,True,Employed
6779,le,1925,1922,1990,True,Vocational training
6779,ab,1922,1905,1990,True,Employed
6781,le,1924,1921,1990,True,Vocational training
6781,ab,1921,1916,1990,True,Employed
6781,ab,1916,1911,1990,True,Employed
6781,ab,1911,1905,1990,True,Employed
6783,le,1935,1932,1990,True,Vocational training
6783,ab,1932,1922,1990,True,Employed
6783,le,1922,1920,1990,True,Vocational training
6783,se,1920,1905,1990,True,Self-employed
6785,se,1920,1905,1990,True,Self-employed
6787,ne,1914,1906,1990,True,Not employed
6787,se,1906,1905,1990,True,Self-employed
6788,le,1915,1912,1988,False,Vocational training
6788,ab,1912,1903,1988,False,Employed
6790,le,1920,1917,1990,True,Vocational training
6790,ab,1917,1915,1990,True,Employed
6790,ab,1915,1913,1990,True,Employed
6790,ab,1913,1910,1990,True,Employed
6790,ab,1910,1908,1990,True,Employed
6790,ab,1908,1905,1990,True,Employed
6791,ab,1914,1913,1990,True,Employed
6791,ne,1913,1905,1990,True,Not employed
6792,le,1917,1915,1990,True,Vocational training
6792,wz,1915,1910,1990,True,Military/Civil service
6792,ab,1910,1908,1990,True,Employed
6792,ab,1908,1907,1990,True,Employed
6792,ab,1907,1906,1990,True,Employed
6792,ab,1906,1905,1990,True,Employed
6795,le,1912,1909,1990,True,Vocational training
6795,wz,1909,1908,1990,True,Military/Civil service
6795,ab,1908,1905,1990,True,Employed
6797,le,1924,1921,1989,False,Vocational training
6797,ab,1921,1912,1989,False,Employed
6797,ne,1912,1904,1989,False,Not employed
6798,le,1922,1919,1990,True,Vocational training
6798,ab,1919,1912,1990,True,Employed
6798,ne,1912,1905,1990,True,Not employed
6803,ab,1918,1914,1990,True,Employed
6803,ne,1914,1905,1990,True,Not employed
6806,ab,1910,1905,1990,True,Employed
6810,ab,1935,1926,1990,True,Employed
6810,ab,1926,1917,1990,True,Employed
6810,ab,1917,1905,1990,True,Employed
6811,le,1936,1933,1990,True,Vocational training
6811,ab,1933,1930,1990,True,Employed
6811,wz,1930,1928,1990,True,Military/Civil service
6811,ab,1928,1921,1990,True,Employed
6811,se,1921,1905,1990,True,Self-employed
6820,le,1920,1917,1990,True,Vocational training
6820,ab,1917,1916,1990,True,Employed
6820,wz,1916,1914,1990,True,Military/Civil service
6820,ab,1914,1905,1990,True,Employed
6822,ne,1929,1926,1990,True,Not employed
6822,ab,1926,1924,1990,True,Employed
6822,ne,1924,1920,1990,True,Not employed
6822,ab,1920,1905,1990,True,Employed
6832,ab,1908,1907,1989,False,Employed
6832,le,1907,1904,1989,False,Vocational training
6833,le,1932,1929,1990,True,Vocational training
6833,ab,1929,1905,1990,True,Employed
6835,le,1916,1913,1990,True,Vocational training
6835,ab,1913,1905,1990,True,Employed
6841,le,1930,1927,1990,True,Vocational training
6841,le,1927,1924,1990,True,Vocational training
6841,ab,1924,1923,1990,True,Employed
6841,ne,1923,1920,1990,True,Not employed
6841,ab,1920,1915,1990,True,Employed
6843,ab,1917,1909,1990,True,Employed
6843,se,1909,1905,1990,True,Self-employed
6844,ab,1913,1909,1990,True,Employed
6844,ab,1909,1905,1990,True,Employed
6847,ab,1940,1939,1990,True,Employed
6847,ab,1939,1938,1990,True,Employed
6847,ab,1938,1915,1990,True,Employed
6847,se,1915,1910,1990,True,Self-employed
6847,se,1910,1905,1990,True,Self-employed
6848,le,1912,1909,1990,True,Vocational training
6848,ab,1909,1905,1990,True,Employed
6850,ab,1911,1908,1990,True,Employed
6850,ab,1908,1906,1990,True,Employed
6850,ab,1906,1905,1990,True,Employed
6851,le,1914,1911,1990,True,Vocational training
6851,le,1911,1909,1990,True,Vocational training
6851,ne,1909,1908,1990,True,Not employed
6851,ab,1908,1906,1990,True,Employed
6851,ne,1906,1905,1990,True,Not employed
6859,le,1932,1929,1990,True,Vocational training
6859,ab,1929,1928,1990,True,Employed
6859,ab,1928,1926,1990,True,Employed
6859,wz,1926,1925,1990,True,Military/Civil service
6859,ab,1925,1922,1990,True,Employed
6859,ab,1922,1918,1990,True,Employed
6859,se,1918,1915,1990,True,Self-employed
6859,ab,1915,1905,1990,True,Employed
6863,le,1916,1914,1990,True,Vocational training
6863,ab,1914,1905,1990,True,Employed
6865,ab,1915,1908,1990,True,Employed
6865,al,1908,1905,1990,True,Unemployed
6865,ab,1905,1904,1990,True,Employed
6867,ab,1909,1907,1990,True,Employed
6867,al,1907,1906,1990,True,Unemployed
6867,ab,1906,1904,1990,True,Employed
6868,le,1932,1928,1990,True,Vocational training
6868,ne,1928,1927,1990,True,Not employed
6868,le,1927,1924,1990,True,Vocational training
6868,ab,1924,1922,1990,True,Employed
6868,le,1922,1921,1990,True,Vocational training
6868,se,1921,1919,1990,True,Self-employed
6868,ab,1919,1914,1990,True,Employed
6868,ab,1914,1912,1990,True,Employed
6872,ab,1935,1932,1990,True,Employed
6872,ne,1932,1924,1990,True,Not employed
6872,ab,1924,1904,1990,True,Employed
6873,ab,1923,1921,1990,True,Employed
6873,ab,1921,1904,1990,True,Employed
6875,le,1918,1916,1990,True,Vocational training
6875,al,1916,1915,1990,True,Unemployed
6875,ab,1915,1904,1990,True,Employed
6877,ab,1949,1945,1990,True,Employed
6877,ab,1945,1928,1990,True,Employed
6877,se,1928,1904,1990,True,Self-employed
6878,le,1927,1924,1990,True,Vocational training
6878,wz,1924,1921,1990,True,Military/Civil service
6878,ab,1921,1904,1990,True,Employed
6883,ab,1910,1909,1990,True,Employed
6883,wz,1909,1908,1990,True,Military/Civil service
6883,ab,1908,1904,1990,True,Employed
6884,ab,1941,1932,1990,True,Employed
6884,ne,1932,1928,1990,True,Not employed
6884,ab,1928,1925,1990,True,Employed
6884,se,1925,1924,1990,True,Self-employed
6884,ab,1924,1918,1990,True,Employed
6884,se,1918,1913,1990,True,Self-employed
6884,ab,1913,1904,1990,True,Employed
6888,ab,1918,1914,1990,True,Employed
6888,al,1914,1913,1990,True,Unemployed
6888,ab,1913,1904,1990,True,Employed
6889,le,1907,1906,1990,True,Vocational training
6889,ne,1906,1905,1990,True,Not employed
6890,le,1928,1925,1990,True,Vocational training
6890,ab,1925,1918,1990,True,Employed
6890,ne,1918,1904,1990,True,Not employed
6891,ab,1913,1911,1990,True,Employed
6891,ab,1911,1908,1990,True,Employed
6891,al,1908,1907,1990,True,Unemployed
6891,ab,1907,1904,1990,True,Employed
6892,ab,1939,1926,1990,True,Employed
6892,ab,1926,1922,1990,True,Employed
6892,ne,1922,1904,1990,True,Not employed
6896,ab,1915,1910,1990,True,Employed
6896,ab,1910,1904,1990,True,Employed
6897,ab,1937,1927,1989,False,Employed
6897,ab,1927,1920,1989,False,Employed
6897,ab,1920,1908,1989,False,Employed
6897,se,1908,1904,1989,False,Self-employed
6898,le,1911,1908,1990,True,Vocational training
6898,ab,1908,1904,1990,True,Employed
6899,le,1919,1915,1990,True,Vocational training
6899,ab,1915,1904,1990,True,Employed
6900,le,1924,1921,1990,True,Vocational training
6900,ab,1921,1904,1990,True,Employed
6907,le,1925,1922,1990,True,Vocational training
6907,ab,1922,1912,1990,True,Employed
6907,se,1912,1911,1990,True,Self-employed
6907,ab,1911,1904,1990,True,Employed
6908,ab,1923,1904,1990,True,Employed
6910,le,1917,1916,1989,False,Vocational training
6910,ne,1916,1913,1989,False,Not employed
6910,ab,1913,1910,1989,False,Employed
6910,ab,1910,1905,1989,False,Employed
6910,al,1905,1904,1989,False,Unemployed
6910,ne,1904,1903,1989,False,Not employed
6915,le,1913,1910,1990,True,Vocational training
6915,ab,1910,1909,1990,True,Employed
6915,wz,1909,1907,1990,True,Military/Civil service
6915,ab,1907,1904,1990,True,Employed
6917,le,1927,1925,1990,True,Vocational training
6917,ab,1925,1924,1990,True,Employed
6917,wz,1924,1923,1990,True,Military/Civil service
6917,ab,1923,1918,1990,True,Employed
6917,se,1918,1904,1990,True,Self-employed
6918,le,1929,1928,1990,True,Vocational training
6918,se,1928,1923,1990,True,Self-employed
6918,le,1923,1922,1990,True,Vocational training
6918,ab,1922,1919,1990,True,Employed
6918,ne,1919,1916,1990,True,Not employed
6918,ab,1916,1905,1990,True,Employed
6922,le,1932,1929,1990,True,Vocational training
6922,ab,1929,1921,1990,True,Employed
6922,ne,1921,1904,1990,True,Not employed
6924,le,1957,1951,1990,True,Vocational training
6924,wz,1951,1949,1990,True,Military/Civil service
6924,ab,1949,1948,1990,True,Employed
6924,wz,1948,1945,1990,True,Military/Civil service
6924,ab,1945,1909,1990,True,Employed
6924,ne,1909,1904,1990,True,Not employed
6925,ab,1915,1905,1990,False,Employed
6925,ne,1905,1904,1990,False,Not employed
6926,le,1921,1918,1990,True,Vocational training
6926,wz,1918,1914,1990,True,Military/Civil service
6926,se,1914,1913,1990,True,Self-employed
6926,se,1913,1912,1990,True,Self-employed
6926,se,1912,1911,1990,True,Self-employed
6926,se,1911,1910,1990,True,Self-employed
6926,ab,1910,1906,1990,True,Employed
6926,ab,1906,1905,1990,True,Employed
6927,ab,1914,1911,1990,True,Employed
6927,ne,1911,1908,1990,True,Not employed
6927,ab,1908,1904,1990,True,Employed
6930,ab,1916,1912,1990,True,Employed
6930,ab,1912,1911,1990,True,Employed
6930,ab,1911,1910,1990,True,Employed
6930,ab,1910,1906,1990,True,Employed
6930,ab,1906,1904,1990,True,Employed
6931,wz,1907,1906,1989,False,Military/Civil service
6931,le,1906,1904,1989,False,Vocational training
6931,ab,1904,1903,1989,False,Employed
6932,le,1924,1921,1990,True,Vocational training
6932,ab,1921,1914,1990,True,Employed
6932,ne,1914,1904,1990,True,Not employed
6933,le,1921,1918,1990,True,Vocational training
6933,ab,1918,1916,1990,True,Employed
6933,ne,1916,1914,1990,True,Not employed
6933,ab,1914,1911,1990,True,Employed
6933,ne,1911,1907,1990,True,Not employed
6933,ab,1907,1904,1990,True,Employed
6942,le,1906,1904,1990,True,Vocational training
6944,le,1931,1928,1989,False,Vocational training
6944,ab,1928,1927,1989,False,Employed
6944,ab,1927,1903,1989,False,Employed
6945,le,1915,1912,1990,True,Vocational training
6945,ab,1912,1910,1990,True,Employed
6945,wz,1910,1909,1990,True,Military/Civil service
6945,ab,1909,1904,1990,True,Employed
6946,ab,1904,1903,1989,False,Employed
6948,ab,1906,1904,1990,True,Employed
6951,le,1932,1929,1990,True,Vocational training
6951,ab,1929,1927,1990,True,Employed
6951,ab,1927,1916,1990,True,Employed
6951,ab,1916,1909,1990,True,Employed
6951,ab,1909,1904,1990,True,Employed
6953,le,1912,1910,1990,True,Vocational training
6953,ab,1910,1909,1990,True,Employed
6953,ne,1909,1904,1990,True,Not employed
6956,le,1919,1916,1990,True,Vocational training
6956,ab,1916,1915,1990,True,Employed
6956,wz,1915,1914,1990,True,Military/Civil service
6956,ab,1914,1912,1990,True,Employed
6956,ab,1912,1909,1990,True,Employed
6956,ab,1909,1904,1990,True,Employed
6957,ab,1907,1906,1990,True,Employed
6957,ne,1906,1904,1990,True,Not employed
6959,ne,1909,1902,1988,False,Not employed
6960,ne,1919,1903,1989,False,Not employed
6961,le,1930,1928,1988,False,Vocational training
6961,ab,1928,1923,1988,False,Employed
6961,ab,1923,1918,1988,False,Employed
6961,ab,1918,1902,1988,False,Employed
6964,le,1912,1908,1990,True,Vocational training
6964,ab,1908,1907,1990,True,Employed
6964,wz,1907,1906,1990,True,Military/Civil service
6964,ab,1906,1904,1990,True,Employed
6969,ab,1912,1911,1990,True,Employed
6969,ne,1911,1909,1990,True,Not employed
6969,ab,1909,1907,1990,True,Employed
6969,ne,1907,1906,1990,True,Not employed
6969,ab,1906,1905,1990,True,Employed
6969,al,1905,1904,1990,True,Unemployed
6971,ab,1922,1912,1990,True,Employed
6971,ab,1912,1904,1990,True,Employed
6979,ab,1916,1904,1990,True,Employed
6982,le,1913,1911,1990,True,Vocational training
6982,le,1911,1910,1990,True,Vocational training
6982,le,1910,1908,1990,True,Vocational training
6982,ab,1908,1904,1990,True,Employed
6983,le,1933,1930,1990,True,Vocational training
6983,ab,1930,1925,1990,True,Employed
6983,ne,1925,1916,1990,True,Not employed
6983,ab,1916,1911,1990,True,Employed
6983,ab,1911,1904,1990,True,Employed
6985,ab,1930,1920,1990,True,Employed
6985,ab,1920,1904,1990,True,Employed
6987,ab,1906,1905,1990,True,Employed
6987,se,1905,1904,1990,True,Self-employed
6990,le,1940,1937,1990,True,Vocational training
6990,ab,1937,1932,1990,True,Employed
6990,ne,1932,1929,1990,True,Not employed
6990,ab,1929,1922,1990,True,Employed
6990,se,1922,1904,1990,True,Self-employed
6992,ab,1926,1919,1990,True,Employed
6992,ne,1919,1911,1990,True,Not employed
6992,ne,1911,1910,1990,True,Not employed
6992,ab,1910,1904,1990,True,Employed
6993,ab,1908,1904,1990,True,Employed
6996,ab,1926,1910,1990,True,Employed
6996,se,1910,1905,1990,True,Self-employed
6997,ab,1943,1933,1989,False,Employed
6997,ab,1933,1915,1989,False,Employed
6997,ab,1915,1913,1989,False,Employed
6997,ab,1913,1904,1989,False,Employed
6998,le,1940,1937,1990,True,Vocational training
6998,ab,1937,1932,1990,True,Employed
6998,ab,1932,1921,1990,True,Employed
6998,ab,1921,1905,1990,True,Employed
6999,ab,1916,1914,1990,True,Employed
6999,ab,1914,1912,1990,True,Employed
6999,le,1912,1910,1990,True,Vocational training
6999,ab,1910,1905,1990,True,Employed
7001,le,1910,1907,1990,True,Vocational training
7001,ab,1907,1905,1990,True,Employed
7002,le,1922,1919,1990,True,Vocational training
7002,ab,1919,1917,1990,True,Employed
7002,ab,1917,1907,1990,True,Employed
7002,ne,1907,1905,1990,True,Not employed
7004,le,1923,1920,1990,True,Vocational training
7004,ab,1920,1918,1990,True,Employed
7004,ne,1918,1917,1990,True,Not employed
7004,ab,1917,1907,1990,True,Employed
7004,ne,1907,1905,1990,True,Not employed
7005,ne,1906,1905,1990,True,Not employed
7007,le,1935,1933,1990,True,Vocational training
7007,ab,1933,1930,1990,True,Employed
7007,wz,1930,1929,1990,True,Military/Civil service
7007,le,1929,1927,1990,True,Vocational training
7007,ab,1927,1925,1990,True,Employed
7007,ab,1925,1920,1990,True,Employed
7007,ab,1920,1916,1990,True,Employed
7007,al,1916,1915,1990,True,Unemployed
7007,ab,1915,1912,1990,True,Employed
7007,ab,1912,1905,1990,True,Employed
7011,le,1938,1935,1990,True,Vocational training
7011,ab,1935,1934,1990,True,Employed
7011,ab,1934,1932,1990,True,Employed
7011,ab,1932,1927,1990,True,Employed
7011,ab,1927,1905,1990,True,Employed
7017,ab,1928,1927,1988,False,Employed
7017,ne,1927,1922,1988,False,Not employed
7017,ab,1922,1903,1988,False,Employed
7020,le,1917,1913,1990,True,Vocational training
7020,wz,1913,1912,1990,True,Military/Civil service
7020,ab,1912,1905,1990,True,Employed
7024,le,1927,1924,1990,True,Vocational training
7024,ab,1924,1905,1990,True,Employed
7025,le,1909,1907,1990,True,Vocational training
7025,ab,1907,1905,1990,True,Employed
7027,le,1907,1904,1986,False,Vocational training
7027,ab,1904,1901,1986,False,Employed
7029,le,1920,1918,1990,True,Vocational training
7029,ab,1918,1905,1990,True,Employed
7033,ne,1906,1905,1990,True,Not employed
7034,le,1924,1923,1990,True,Vocational training
7034,ab,1923,1922,1990,True,Employed
7034,ab,1922,1921,1990,True,Employed
7034,al,1921,1920,1990,True,Unemployed
7034,ne,1920,1919,1990,True,Not employed
7034,ab,1919,1918,1990,True,Employed
7034,ab,1918,1917,1990,True,Employed
7034,ab,1917,1914,1990,True,Employed
7034,ab,1914,1905,1990,True,Employed
7036,le,1931,1928,1990,True,Vocational training
7036,ab,1928,1925,1990,True,Employed
7036,wz,1925,1923,1990,True,Military/Civil service
7036,ab,1923,1919,1990,True,Employed
7036,ab,1919,1918,1990,True,Employed
7036,ab,1918,1913,1990,True,Employed
7036,le,1913,1911,1990,True,Vocational training
7036,ab,1911,1907,1990,True,Employed
7036,ne,1907,1905,1990,True,Not employed
7039,wz,1906,1901,1988,False,Military/Civil service
7042,ab,1918,1917,1990,True,Employed
7042,ab,1917,1915,1990,True,Employed
7042,ab,1915,1909,1990,True,Employed
7042,ab,1909,1905,1990,True,Employed
7042,se,1905,1904,1990,True,Self-employed
7044,le,1922,1919,1990,False,Vocational training
7044,ab,1919,1914,1990,False,Employed
7044,ab,1914,1910,1990,False,Employed
7044,ne,1910,1905,1990,False,Not employed
7049,le,1923,1919,1990,True,Vocational training
7049,ab,1919,1917,1990,True,Employed
7049,wz,1917,1913,1990,True,Military/Civil service
7049,le,1913,1912,1990,True,Vocational training
7049,ab,1912,1911,1990,True,Employed
7049,ab,1911,1905,1990,True,Employed
7051,ab,1915,1906,1990,True,Employed
7051,se,1906,1905,1990,True,Self-employed
7052,ab,1936,1930,1990,False,Employed
7052,ab,1930,1905,1990,False,Employed
7053,le,1918,1914,1990,True,Vocational training
7053,ab,1914,1911,1990,True,Employed
7053,le,1911,1910,1990,True,Vocational training
7053,se,1910,1904,1990,True,Self-employed
7054,le,1915,1911,1990,True,Vocational training
7054,ab,1911,1909,1990,True,Employed
7054,ab,1909,1905,1990,True,Employed
7056,ab,1909,1905,1990,True,Employed
7057,ab,1913,1901,1986,False,Employed
7064,le,1939,1936,1990,True,Vocational training
7064,ab,1936,1918,1990,True,Employed
7064,se,1918,1915,1990,True,Self-employed
7064,ab,1915,1904,1990,True,Employed
7066,le,1917,1910,1990,True,Vocational training
7066,ab,1910,1904,1990,True,Employed
7067,le,1922,1919,1990,True,Vocational training
7067,ne,1919,1918,1990,True,Not employed
7067,ab,1918,1904,1990,True,Employed
7069,ab,1912,1906,1990,True,Employed
7071,ab,1931,1921,1990,True,Employed
7071,ne,1921,1913,1990,True,Not employed
7071,ne,1913,1904,1990,True,Not employed
7073,le,1934,1931,1990,True,Vocational training
7073,ab,1931,1928,1990,True,Employed
7073,ab,1928,1920,1990,True,Employed
7073,ab,1920,1919,1990,True,Employed
7073,se,1919,1904,1990,True,Self-employed
7075,le,1930,1926,1990,True,Vocational training
7075,ab,1926,1921,1990,True,Employed
7075,ab,1921,1904,1990,True,Employed
7076,ab,1932,1924,1990,True,Employed
7076,ne,1924,1920,1990,True,Not employed
7076,ab,1920,1909,1990,True,Employed
7076,al,1909,1908,1990,True,Unemployed
7076,ne,1908,1907,1990,True,Not employed
7076,se,1907,1904,1990,True,Self-employed
7079,le,1927,1923,1990,True,Vocational training
7079,wz,1923,1921,1990,True,Military/Civil service
7079,le,1921,1919,1990,True,Vocational training
7079,ab,1919,1906,1990,True,Employed
7079,ab,1906,1904,1990,True,Employed
7084,le,1934,1932,1990,True,Vocational training
7084,ab,1932,1931,1990,True,Employed
7084,ne,1931,1930,1990,True,Not employed
7084,ab,1930,1905,1990,True,Employed
7087,wz,1926,1922,1990,True,Military/Civil service
7087,ab,1922,1920,1990,True,Employed
7087,le,1920,1918,1990,True,Vocational training
7087,ab,1918,1912,1990,True,Employed
7087,ab,1912,1908,1990,True,Employed
7087,ab,1908,1904,1990,True,Employed
7092,le,1909,1908,1990,True,Vocational training
7092,ab,1908,1906,1990,True,Employed
7092,ne,1906,1904,1990,True,Not employed
7093,ab,1926,1918,1990,True,Employed
7093,ab,1918,1916,1990,True,Employed
7093,ab,1916,1911,1990,True,Employed
7093,ab,1911,1904,1990,True,Employed
7094,le,1923,1920,1990,True,Vocational training
7094,ab,1920,1904,1990,True,Employed
7095,le,1933,1930,1990,True,Vocational training
7095,wz,1930,1927,1990,True,Military/Civil service
7095,ab,1927,1904,1990,True,Employed
7097,ab,1910,1905,1990,True,Employed
7097,se,1905,1904,1990,True,Self-employed
7100,le,1928,1925,1990,True,Vocational training
7100,ab,1925,1923,1990,True,Employed
7100,ab,1923,1904,1990,True,Employed
7101,le,1913,1911,1990,True,Vocational training
7101,ab,1911,1904,1990,True,Employed
7108,ab,1910,1906,1990,True,Employed
7108,ab,1906,1905,1990,True,Employed
7108,al,1905,1904,1990,True,Unemployed
7109,le,1917,1914,1990,True,Vocational training
7109,ab,1914,1913,1990,True,Employed
7109,wz,1913,1911,1990,True,Military/Civil service
7109,ab,1911,1909,1990,True,Employed
7109,le,1909,1908,1990,True,Vocational training
7109,ab,1908,1907,1990,True,Employed
7109,ab,1907,1905,1990,True,Employed
7110,ab,1919,1911,1989,False,Employed
7110,ne,1911,1903,1989,False,Not employed
7116,wz,1903,1901,1987,False,Military/Civil service
7117,le,1925,1922,1986,False,Vocational training
7117,ab,1922,1921,1986,False,Employed
7117,ab,1921,1900,1986,False,Employed
7119,ab,1913,1906,1990,True,Employed
7119,se,1906,1905,1990,True,Self-employed
7120,le,1931,1928,1990,True,Vocational training
7120,ab,1928,1924,1990,True,Employed
7120,ab,1924,1921,1990,True,Employed
7120,ab,1921,1918,1990,True,Employed
7120,se,1918,1904,1990,True,Self-employed
7121,ab,1927,1922,1990,True,Employed
7121,ab,1922,1919,1990,True,Employed
7121,ab,1919,1910,1990,True,Employed
7125,ab,1941,1913,1990,True,Employed
7125,ne,1913,1904,1990,True,Not employed
7127,se,1913,1911,1990,True,Self-employed
7127,ab,1911,1907,1990,True,Employed
7127,se,1907,1904,1990,True,Self-employed
7133,le,1922,1920,1990,True,Vocational training
7133,ab,1920,1919,1990,True,Employed
7133,ne,1919,1904,1990,True,Not employed
7136,le,1924,1922,1990,True,Vocational training
7136,ab,1922,1913,1990,True,Employed
7136,wz,1913,1911,1990,True,Military/Civil service
7136,le,1911,1909,1990,True,Vocational training
7136,ab,1909,1904,1990,True,Employed
7138,le,1929,1926,1990,True,Vocational training
7138,ab,1926,1922,1990,True,Employed
7138,ab,1922,1917,1990,True,Employed
7138,ab,1917,1911,1990,True,Employed
7138,ab,1911,1904,1990,True,Employed
7141,le,1927,1924,1990,True,Vocational training
7141,ab,1924,1917,1990,True,Employed
7141,ab,1917,1904,1990,True,Employed
7143,ab,1906,1902,1988,False,Employed
7144,le,1930,1928,1990,True,Vocational training
7144,ab,1928,1922,1990,True,Employed
7144,ne,1922,1909,1990,True,Not employed
7144,ab,1909,1904,1990,True,Employed
7145,ab,1913,1911,1990,True,Employed
7145,se,1911,1910,1990,True,Self-employed
7145,ab,1910,1904,1990,True,Employed
7150,le,1924,1922,1990,True,Vocational training
7150,wz,1922,1920,1990,True,Military/Civil service
7150,ab,1920,1919,1990,True,Employed
7150,le,1919,1917,1990,True,Vocational training
7150,ab,1917,1915,1990,True,Employed
7150,le,1915,1912,1990,True,Vocational training
7150,ab,1912,1911,1990,True,Employed
7150,ab,1911,1909,1990,True,Employed
7150,ab,1909,1904,1990,True,Employed
7151,le,1915,1913,1990,True,Vocational training
7151,ab,1913,1910,1990,True,Employed
7151,ne,1910,1909,1990,True,Not employed
7151,ab,1909,1904,1990,True,Employed
7152,le,1915,1912,1990,True,Vocational training
7152,ab,1912,1911,1990,True,Employed
7152,wz,1911,1910,1990,True,Military/Civil service
7152,ab,1910,1904,1990,True,Employed
7155,le,1907,1904,1990,True,Vocational training
7158,le,1915,1913,1990,True,Vocational training
7158,ab,1913,1904,1990,True,Employed
7159,le,1918,1915,1990,True,Vocational training
7159,ne,1915,1912,1990,True,Not employed
7159,ab,1912,1904,1990,True,Employed
7163,wz,1914,1912,1986,False,Military/Civil service
7163,ne,1912,1910,1986,False,Not employed
7163,ne,1910,1909,1986,False,Not employed
7163,ab,1909,1901,1986,False,Employed
7163,al,1901,1900,1986,False,Unemployed
7165,ab,1907,1904,1990,True,Employed
7172,le,1937,1935,1990,True,Vocational training
7172,ab,1935,1930,1990,True,Employed
7172,wz,1930,1929,1990,True,Military/Civil service
7172,le,1929,1924,1990,True,Vocational training
7172,ab,1924,1918,1990,True,Employed
7172,le,1918,1916,1990,True,Vocational training
7172,ab,1916,1905,1990,True,Employed
7172,al,1905,1904,1990,True,Unemployed
8001,ab,1913,1904,1990,True,Employed
8002,ne,1912,1904,1990,True,Not employed
8003,wz,1915,1914,1990,True,Military/Civil service
8003,ne,1914,1910,1990,True,Not employed
8003,le,1910,1907,1990,True,Vocational training
8003,ab,1907,1904,1990,True,Employed
8004,le,1918,1915,1990,True,Vocational training
8004,ab,1915,1908,1990,True,Employed
8004,le,1908,1906,1990,True,Vocational training
8004,ab,1906,1904,1990,True,Employed
8005,le,1917,1913,1990,True,Vocational training
8005,wz,1913,1912,1990,True,Military/Civil service
8005,se,1912,1910,1990,True,Self-employed
8005,se,1910,1904,1990,True,Self-employed
8006,ne,1925,1921,1990,True,Not employed
8006,ab,1921,1920,1990,True,Employed
8006,ne,1920,1919,1990,True,Not employed
8006,ab,1919,1915,1990,True,Employed
8006,ne,1915,1914,1990,True,Not employed
8006,ab,1914,1904,1990,True,Employed
8007,wz,1916,1914,1988,False,Military/Civil service
8007,le,1914,1911,1988,False,Vocational training
8007,ne,1911,1902,1988,False,Not employed
8008,ab,1908,1907,1990,True,Employed
8008,ab,1907,1904,1990,True,Employed
8009,le,1936,1933,1990,True,Vocational training
8009,ab,1933,1932,1990,True,Employed
8009,ne,1932,1928,1990,True,Not employed
8009,ab,1928,1926,1990,True,Employed
8009,se,1926,1922,1990,True,Self-employed
8009,ab,1922,1908,1990,True,Employed
8009,ab,1908,1905,1990,True,Employed
8010,le,1950,1947,1990,True,Vocational training
8010,wz,1947,1944,1990,True,Military/Civil service
8010,ab,1944,1909,1990,True,Employed
8010,al,1909,1907,1990,True,Unemployed
8010,se,1907,1905,1990,True,Self-employed
8011,le,1914,1912,1990,True,Vocational training
8011,ab,1912,1910,1990,True,Employed
8011,ne,1910,1908,1990,True,Not employed
8011,ab,1908,1905,1990,True,Employed
8012,le,1912,1909,1990,True,Vocational training
8012,ab,1909,1905,1990,True,Employed
8013,le,1920,1916,1990,True,Vocational training
8013,ab,1916,1910,1990,True,Employed
8013,le,1910,1907,1990,True,Vocational training
8013,ab,1907,1904,1990,True,Employed
8014,le,1924,1922,1990,True,Vocational training
8014,ab,1922,1920,1990,True,Employed
8014,ab,1920,1918,1990,True,Employed
8014,ab,1918,1905,1990,True,Employed
8014,al,1905,1904,1990,True,Unemployed
8015,ne,1918,1914,1990,True,Not employed
8015,ab,1914,1912,1990,True,Employed
8015,ne,1912,1911,1990,True,Not employed
8015,ab,1911,1910,1990,True,Employed
8015,ab,1910,1904,1990,True,Employed
8016,ab,1922,1912,1990,True,Employed
8016,ab,1912,1907,1990,True,Employed
8016,se,1907,1905,1990,True,Self-employed
8017,ab,1930,1921,1990,True,Employed
8017,ab,1921,1916,1990,True,Employed
8017,ab,1916,1913,1990,True,Employed
8017,ab,1913,1911,1990,True,Employed
8017,ab,1911,1907,1990,True,Employed
8017,ab,1907,1906,1990,True,Employed
8017,ab,1906,1904,1990,True,Employed
8018,le,1912,1909,1985,False,Vocational training
8018,ab,1909,1907,1985,False,Employed
8018,ab,1907,1905,1985,False,Employed
8018,ab,1905,1904,1985,False,Employed
8018,ab,1904,1900,1985,False,Employed
8019,le,1931,1929,1990,True,Vocational training
8019,ab,1929,1925,1990,True,Employed
8019,wz,1925,1923,1990,True,Military/Civil service
8019,ab,1923,1921,1990,True,Employed
8019,ne,1921,1919,1990,True,Not employed
8019,ab,1919,1910,1990,True,Employed
8019,se,1910,1904,1990,True,Self-employed
8021,le,1927,1924,1990,True,Vocational training
8021,ab,1924,1923,1990,True,Employed
8021,ab,1923,1922,1990,True,Employed
8021,ab,1922,1916,1990,True,Employed
8021,wz,1916,1915,1990,True,Military/Civil service
8021,se,1915,1905,1990,True,Self-employed
8022,ab,1923,1919,1990,True,Employed
8022,ab,1919,1917,1990,True,Employed
8022,se,1917,1905,1990,True,Self-employed
8023,le,1958,1955,1990,True,Vocational training
8023,ab,1955,1953,1990,True,Employed
8023,wz,1953,1943,1990,True,Military/Civil service
8023,ab,1943,1940,1990,True,Employed
8023,ab,1940,1935,1990,True,Employed
8023,ab,1935,1908,1990,True,Employed
8023,ab,1908,1905,1990,True,Employed
8025,ab,1908,1904,1987,False,Employed
8025,ab,1904,1903,1987,False,Employed
8025,ab,1903,1902,1987,False,Employed
8025,ab,1902,1901,1987,False,Employed
8026,le,1907,1904,1989,False,Vocational training
8026,se,1904,1903,1989,False,Self-employed
8027,le,1928,1925,1988,False,Vocational training
8027,se,1925,1918,1988,False,Self-employed
8027,ab,1918,1916,1988,False,Employed
8027,se,1916,1914,1988,False,Self-employed
8027,ab,1914,1911,1988,False,Employed
8027,se,1911,1903,1988,False,Self-employed
8028,le,1910,1908,1990,True,Vocational training
8028,ne,1908,1905,1990,True,Not employed
8029,le,1925,1922,1990,True,Vocational training
8029,ab,1922,1918,1990,True,Employed
8029,le,1918,1915,1990,True,Vocational training
8029,ab,1915,1910,1990,True,Employed
8029,ne,1910,1908,1990,True,Not employed
8029,ab,1908,1904,1990,True,Employed
8030,le,1930,1928,1990,True,Vocational training
8030,ab,1928,1925,1990,True,Employed
8030,wz,1925,1921,1990,True,Military/Civil service
8030,ab,1921,1909,1990,True,Employed
8030,se,1909,1904,1990,True,Self-employed
8031,ab,1905,1904,1990,True,Employed
8032,le,1921,1918,1990,True,Vocational training
8032,ab,1918,1913,1990,True,Employed
8032,ab,1913,1910,1990,True,Employed
8032,ab,1910,1908,1990,True,Employed
8032,ab,1908,1904,1990,True,Employed
8033,ne,1907,1905,1990,True,Not employed
8033,se,1905,1904,1990,True,Self-employed
